"249180010","PSZCZYNA","2020","01",10.6,"",4.1,"",-7.2,"",-1.8,"",.7,"",-10.9,"",16.3,"",2.8,"","18","",2,"",4,9,4
"249180010","PSZCZYNA","2020","02",14.8,"",8.3,"",-5.2,"",.8,"",4.1,"",-6.4,"",77.7,"",18.5,"","04","",3,"",1,16,7
"249180010","PSZCZYNA","2020","03",18.7,"",10.5,"",-6.7,"",.1,"",4.6,"",-9.4,"",27.1,"",9.3,"","20","",1,"",1,8,5
"249180010","PSZCZYNA","2020","04",23.0,"",16.9,"",-4.6,"",1.7,"",9.1,"",-7.4,"",11.3,"",6.1,"","29","",1,"",1,4,1
"249180010","PSZCZYNA","2020","05",25.4,"",16.7,"",-1.5,"",5.2,"",11.0,"",-3.8,"",132.1,"",20.6,"","30","",0,"",0,17,0
"249180010","PSZCZYNA","2020","06",30.5,"",23.2,"",6.5,"",12.7,"",17.7,"",3.9,"",132.0,"",25.0,"","20","",0,"",0,17,0
"249180010","PSZCZYNA","2020","07",32.5,"",25.5,"",7.4,"",12.5,"",18.9,"",5.5,"",126.5,"",32.1,"","11","",0,"",0,17,0
"249180010","PSZCZYNA","2020","08",32.1,"",26.6,"",7.9,"",13.8,"",19.8,"",4.7,"",89.5,"",18.8,"","18","",0,"",0,12,0
"249180010","PSZCZYNA","2020","09",29.5,"",21.2,"",3.2,"",9.3,"",14.5,"",1.0,"",75.2,"",14.6,"","01","",0,"",0,11,0
"249180010","PSZCZYNA","2020","10",24.9,"",14.6,"",.9,"",6.6,"",9.9,"",-1.0,"",161.9,"",38.6,"","13","",0,"",0,18,0
"249180010","PSZCZYNA","2020","11",16.2,"",8.6,"",-5.1,"",1.7,"",4.7,"",-8.4,"",27.7,"",7.9,"","03","",4,"",2,7,2
"249180010","PSZCZYNA","2020","12",11.4,"",4.5,"",-8.4,"",-1.7,"",1.2,"",-10.4,"",29.1,"",8.0,"","30","",2,"",5,10,3
"249180160","BRENNA","2020","01",14.1,"",7.1,"",-7.2,"",-1.5,"",2.1,"",-9.7,"",22.7,"",4.7,"","04","",3,"",5,7,4
"249180160","BRENNA","2020","02",14.9,"",8.2,"",-5.4,"",1.7,"",4.6,"",-11.3,"",94.5,"",18.8,"","04","",5,"",6,13,8
"249180160","BRENNA","2020","03",18.2,"",10.2,"",-6.7,"",.1,"",4.4,"",-10.3,"",38.8,"",8.6,"","20","",7,"",1,13,4
"249180160","BRENNA","2020","04",20.5,"",16.1,"",-4.4,"",2.3,"",9.1,"",-10.0,"",14.3,"",7.5,"","13","",3,"",1,4,0
"249180160","BRENNA","2020","05",24.3,"",15.9,"",.4,"",5.6,"",10.8,"",-4.1,"",249.4,"",46.2,"","31","",0,"",0,17,2
"249180160","BRENNA","2020","06",33.8,"",23.0,"",7.4,"",12.4,"",17.4,"",5.6,"",205.7,"",50.4,"","20","",0,"",0,20,0
"249180160","BRENNA","2020","07",30.5,"",25.5,"",7.4,"",12.6,"",18.6,"",7.0,"",140.9,"",44.6,"","11","",0,"",0,16,1
"249180160","BRENNA","2020","08",30.6,"",26.4,"",8.3,"",14.2,"",19.5,"",6.9,"",180.2,"",63.1,"","18","",0,"",0,12,0
"249180160","BRENNA","2020","09",27.5,"",21.7,"",4.1,"",10.1,"",14.8,"",1.2,"",131.4,"",32.3,"","30","",0,"",0,13,0
"249180160","BRENNA","2020","10",23.5,"",15.2,"",1.8,"",7.0,"",10.5,"",-.8,"",207.7,"",52.5,"","13","",0,"",0,16,0
"249180160","BRENNA","2020","11",15.1,"",8.8,"",-3.5,"",2.5,"",5.3,"",-7.6,"",44.0,"",18.4,"","04","",7,"",2,10,2
"249180160","BRENNA","2020","12",13.4,"",7.3,"",-10.4,"",-1.8,"",2.3,"",-13.8,"",36.7,"",11.6,"","24","",5,"",7,9,3
"249190480","LALIKI","2020","01",5.1,"",1.1,"",-8.8,"",-4.1,"",-1.6,"",.0,"8",35.6,"",14.2,"","04","",25,"",31,3,10
"249190480","LALIKI","2020","02",8.7,"",3.5,"",-9.6,"",-1.6,"",.9,"",.0,"8",124.0,"",23.2,"","04","",23,"",21,8,14
"249190480","LALIKI","2020","03",15.2,"",6.9,"",-9.8,"",-1.4,"",2.3,"",.0,"8",43.6,"",12.7,"","11","",10,"",9,5,9
"249190480","LALIKI","2020","04",18.5,"",13.9,"",-5.8,"",1.6,"",7.5,"",.0,"8",18.5,"",12.1,"","29","",0,"",0,4,1
"249190480","LALIKI","2020","05",22.8,"",13.4,"",-3.2,"",3.8,"",8.6,"",.0,"8",138.2,"",21.3,"","13","",0,"",0,16,4
"249190480","LALIKI","2020","06",29.0,"",19.6,"",6.7,"",11.2,"",15.1,"",.0,"8",122.4,"",20.2,"","18","",0,"",0,20,0
"249190480","LALIKI","2020","07",26.7,"",21.3,"",6.1,"",10.9,"",15.9,"",.0,"8",146.9,"",40.1,"","26","",0,"",0,16,0
"249190480","LALIKI","2020","08",27.8,"",23.2,"",6.2,"",12.7,"",17.6,"",.0,"8",107.0,"",25.2,"","31","",0,"",0,12,0
"249190480","LALIKI","2020","09",24.6,"",18.2,"",3.2,"",8.6,"",13.0,"",.0,"8",82.6,"",22.8,"","05","",0,"",0,11,0
"249190480","LALIKI","2020","10",21.8,"",11.8,"",-1.0,"",5.2,"",8.1,"",.0,"8",172.2,"",34.0,"","30","",0,"",0,15,2
"249190480","LALIKI","2020","11",13.6,"",5.7,"",-5.7,"",-.2,"",2.5,"",.0,"8",28.6,"",9.5,"","04","",9,"",3,6,4
"249190480","LALIKI","2020","12",11.1,"",3.4,"",-9.6,"",-2.1,"",.6,"",.0,"8",52.8,"",18.3,"","24","",7,"",10,5,5
"249190560","JAB£ONKA","2020","01",6.5,"",2.7,"",-15.5,"",-6.2,"",-2.5,"",.0,"8",22.7,"",5.8,"","04","",17,"",16,4,10
"249190560","JAB£ONKA","2020","02",12.4,"",4.8,"",-14.4,"",-2.6,"",.8,"",.0,"8",82.4,"",14.0,"","23","",16,"",15,7,15
"249190560","JAB£ONKA","2020","03",17.4,"",8.5,"",-13.0,"",-4.2,"",1.1,"",.0,"8",24.8,"",4.8,"","22","",12,"",5,6,9
"249190560","JAB£ONKA","2020","04",21.9,"",15.0,"",-10.4,"",-4.1,"",5.0,"",.0,"8",7.5,"",4.5,"","13","",0,"",0,3,2
"249190560","JAB£ONKA","2020","05",24.3,"",14.5,"",-6.9,"",1.6,"",8.2,"",.0,"8",109.5,"",13.0,"","13","",0,"",0,18,2
"249190560","JAB£ONKA","2020","06",28.5,"",21.1,"",1.5,"",10.7,"",15.8,"",.0,"8",120.9,"",26.4,"","19","",0,"",0,21,0
"249190560","JAB£ONKA","2020","07",29.2,"",23.1,"",1.9,"",9.2,"",16.1,"",.0,"8",65.0,"",19.6,"","11","",0,"",0,15,0
"249190560","JAB£ONKA","2020","08",29.7,"",24.7,"",1.8,"",10.3,"",16.9,"",.0,"8",63.9,"",24.4,"","31","",0,"",0,12,0
"249190560","JAB£ONKA","2020","09",25.8,"",19.8,"",-1.5,"",6.0,"",11.6,"",.0,"8",103.5,"",28.7,"","06","",0,"",0,10,0
"249190560","JAB£ONKA","2020","10",22.3,"",12.6,"",-3.0,"",3.2,"",7.1,"",.0,"8",108.4,"",22.8,"","12","",5,"",1,18,2
"249190560","JAB£ONKA","2020","11",14.2,"",6.7,"",-9.6,"",-1.5,"",1.8,"",.0,"8",18.3,"",7.9,"","04","",4,"",2,8,3
"249190560","JAB£ONKA","2020","12",11.8,"",2.7,"",-13.6,"",-3.8,"",-.9,"",.0,"8",25.3,"",7.8,"","24","",3,"",6,5,4
"249190670","POLANA CHOCHO£OWSKA","2020","01",9.8,"",3.3,"",-12.3,"",-5.1,"",-1.7,"",.0,"8",59.8,"",18.2,"","04","",80,"",31,2,10
"249190670","POLANA CHOCHO£OWSKA","2020","02",12.3,"",3.2,"",-11.7,"",-4.5,"",-1.1,"",.0,"8",199.9,"",39.9,"","04","",91,"",29,6,17
"249190670","POLANA CHOCHO£OWSKA","2020","03",.0,"8",.0,"8",.0,"8",.0,"8",.0,"8",.0,"8",.0,"8",.0,"8","03","",0,"9",0,0,0
"249190670","POLANA CHOCHO£OWSKA","2020","05",18.4,"",10.1,"",-4.3,"",1.5,"",5.5,"",.0,"8",303.3,"",45.8,"","30","",0,"",3,16,5
"249190670","POLANA CHOCHO£OWSKA","2020","06",24.0,"",16.6,"",1.5,"",8.6,"",12.6,"",.0,"8",312.3,"",61.4,"","22","",0,"",0,22,0
"249190670","POLANA CHOCHO£OWSKA","2020","07",25.1,"",18.4,"",2.1,"",8.3,"",13.3,"",.0,"8",172.9,"",50.3,"","11","",0,"",0,19,0
"249190670","POLANA CHOCHO£OWSKA","2020","08",25.1,"",20.5,"",2.7,"",9.9,"",14.8,"",.0,"8",150.0,"",33.6,"","19","",0,"",0,14,0
"249190670","POLANA CHOCHO£OWSKA","2020","09",25.0,"",16.3,"",-.5,"",5.9,"",10.3,"",.0,"8",232.4,"",59.1,"","30","",0,"",0,14,0
"249190670","POLANA CHOCHO£OWSKA","2020","10",18.2,"",9.8,"",-2.5,"",3.0,"",5.9,"",.0,"8",200.1,"",41.6,"","12","",18,"",4,18,4
"249190670","POLANA CHOCHO£OWSKA","2020","11",.0,"8",.0,"8",.0,"8",.0,"8",.0,"8",.0,"8",.0,"8",.0,"8","04","",0,"9",0,0,0
"249190670","POLANA CHOCHO£OWSKA","2020","12",.0,"8",.0,"8",.0,"8",.0,"8",.0,"8",.0,"8",.0,"8",.0,"8","24","",0,"9",0,0,0
"249190890","RADZIECHOWY","2020","01",10.3,"",4.8,"",-7.5,"",-1.6,"",1.1,"",-11.0,"",22.7,"",5.2,"","30","",2,"",4,7,3
"249190890","RADZIECHOWY","2020","02",14.9,"",7.5,"",-7.0,"",1.4,"",4.0,"",-8.5,"",114.7,"",28.2,"","23","",4,"",2,16,5
"249190890","RADZIECHOWY","2020","03",19.1,"",10.5,"",-8.9,"",-.9,"",3.9,"",-14.1,"",26.7,"",6.0,"","10","",2,"",2,9,3
"249190890","RADZIECHOWY","2020","04",22.6,"",16.8,"",-6.6,"",-.4,"",7.9,"",-15.6,"",56.3,"",49.1,"","29","",4,"",1,2,1
"249190890","RADZIECHOWY","2020","05",25.1,"",16.3,"",-3.1,"",4.0,"",10.0,"",-5.3,"",140.0,"",29.6,"","26","",0,"",0,18,0
"249190890","RADZIECHOWY","2020","06",29.3,"",22.2,"",4.9,"",12.1,"",16.8,"",3.2,"",118.7,"",19.2,"","26","",0,"",0,19,0
"249190890","RADZIECHOWY","2020","07",30.0,"",24.4,"",5.3,"",11.2,"",17.5,"",3.6,"",97.1,"",20.0,"","17","",0,"",0,15,0
"249190890","RADZIECHOWY","2020","08",30.7,"",25.9,"",5.4,"",12.3,"",18.6,"",4.0,"",120.5,"",26.0,"","31","",0,"",0,11,0
"249190890","RADZIECHOWY","2020","09",28.2,"",20.9,"",.9,"",7.9,"",13.4,"",-.5,"",91.5,"",27.2,"","05","",0,"",0,10,0
"249190890","RADZIECHOWY","2020","10",24.2,"",14.8,"",-.6,"",6.2,"",9.6,"",-2.6,"",141.2,"",34.2,"","13","",0,"",0,13,0
"249190890","RADZIECHOWY","2020","11",14.5,"",8.0,"",-5.6,"",1.5,"",4.2,"",-11.8,"",32.2,"",16.0,"","04","",4,"",2,6,2
"249190890","RADZIECHOWY","2020","12",14.0,"",6.1,"",-11.9,"",-1.3,"",1.9,"",-15.4,"",30.8,"",9.8,"","24","",4,"",6,7,2
"249200020","£AZY","2020","01",9.8,"",5.6,"",-7.3,"",-2.1,"",1.1,"",.0,"8",20.1,"",5.8,"","09","",3,"",4,10,3
"249200020","£AZY","2020","02",17.3,"",8.6,"",-7.0,"",1.2,"",4.4,"",.0,"8",58.2,"",18.5,"","04","",0,"",0,13,10
"249200020","£AZY","2020","03",18.9,"",11.1,"",-7.8,"",-.5,"",4.7,"",.0,"8",13.5,"",3.1,"","20","",3,"",2,11,3
"249200020","£AZY","2020","04",23.6,"",16.8,"",-4.5,"",1.1,"",9.0,"",.0,"8",12.6,"",5.6,"","29","",0,"",0,4,0
"249200020","£AZY","2020","05",27.3,"",17.0,"",-1.1,"",5.5,"",11.3,"",.0,"8",110.3,"",28.1,"","30","",0,"",0,21,0
"249200020","£AZY","2020","06",30.0,"",22.9,"",4.8,"",13.4,"",18.0,"",.0,"8",117.0,"",46.6,"","21","",0,"",0,19,0
"249200020","£AZY","2020","07",30.9,"",24.7,"",6.8,"",12.7,"",18.8,"",.0,"8",47.9,"",20.0,"","11","",0,"",0,12,0
"249200020","£AZY","2020","08",32.2,"",26.4,"",7.7,"",13.8,"",19.8,"",.0,"8",53.0,"",17.3,"","31","",0,"",0,10,0
"249200020","£AZY","2020","09",29.0,"",21.4,"",2.4,"",9.5,"",14.7,"",.0,"8",97.1,"",32.1,"","30","",0,"",0,10,0
"249200020","£AZY","2020","10",23.1,"",15.0,"",1.0,"",6.4,"",10.0,"",.0,"8",109.7,"",34.0,"","12","",0,"",0,14,0
"249200020","£AZY","2020","11",17.5,"",9.1,"",-7.0,"",1.6,"",4.7,"",.0,"8",30.9,"",13.8,"","04","",5,"",2,11,4
"249200020","£AZY","2020","12",13.7,"",4.9,"",-10.7,"",-1.6,"",1.4,"",.0,"8",23.9,"",10.3,"","24","",1,"",3,10,4
"249200130","JASTRZÊBIA","2020","01",9.4,"",4.5,"",-8.8,"",-3.4,"",-.2,"",.0,"8",15.3,"",3.1,"","09","",1,"",1,10,3
"249200130","JASTRZÊBIA","2020","02",15.2,"",7.9,"",-8.4,"",-.6,"",3.2,"",.0,"8",88.5,"",38.5,"","04","",1,"",1,13,8
"249200130","JASTRZÊBIA","2020","03",18.6,"",10.7,"",-9.0,"",-2.5,"",3.2,"",.0,"8",25.7,"",8.3,"","04","",2,"",2,10,3
"249200130","JASTRZÊBIA","2020","04",24.4,"",16.6,"",-8.4,"",-2.0,"",7.2,"",.0,"8",15.1,"",8.4,"","29","",0,"",0,3,1
"249200130","JASTRZÊBIA","2020","05",27.2,"",16.8,"",-3.4,"",4.3,"",10.7,"",.0,"8",156.4,"",30.6,"","30","",0,"",0,18,0
"249200130","JASTRZÊBIA","2020","06",29.6,"",23.0,"",3.0,"",12.8,"",17.8,"",.0,"8",173.5,"",45.1,"","07","",0,"",0,21,0
"249200130","JASTRZÊBIA","2020","07",31.4,"",25.0,"",4.6,"",11.8,"",18.6,"",.0,"8",70.0,"",25.0,"","19","",0,"",0,15,0
"249200130","JASTRZÊBIA","2020","08",32.3,"",26.8,"",6.8,"",12.6,"",19.4,"",.0,"8",75.3,"",21.8,"","31","",0,"",0,13,0
"249200130","JASTRZÊBIA","2020","09",29.0,"",21.5,"",1.2,"",8.0,"",13.8,"",.0,"8",95.8,"",33.3,"","06","",0,"",0,10,0
"249200130","JASTRZÊBIA","2020","10",22.6,"",14.6,"",-1.4,"",5.4,"",9.2,"",.0,"8",114.8,"",31.5,"","12","",0,"",0,15,0
"249200130","JASTRZÊBIA","2020","11",17.5,"",8.4,"",-6.4,"",.5,"",3.9,"",.0,"8",34.5,"",11.2,"","04","",6,"",2,10,2
"249200130","JASTRZÊBIA","2020","12",13.2,"",5.2,"",-12.6,"",-2.4,"",1.0,"",.0,"8",32.6,"",12.7,"","24","",4,"",3,9,3
"249200180","LIMANOWA","2020","01",9.4,"",4.5,"",-6.5,"",-2.1,"",.7,"",-8.2,"",20.4,"",6.2,"","04","",5,"",11,6,9
"249200180","LIMANOWA","2020","02",12.3,"",6.4,"",-8.9,"",-.2,"",2.7,"",-9.5,"",121.3,"",31.9,"","04","",20,"",14,9,15
"249200180","LIMANOWA","2020","03",16.6,"",9.2,"",-6.6,"",.5,"",4.1,"",-9.6,"",28.9,"",6.3,"","04","",7,"",5,5,9
"249200180","LIMANOWA","2020","04",21.0,"",15.2,"",-5.5,"",3.5,"",9.1,"",-7.7,"",21.7,"",15.4,"","13","",0,"",0,2,2
"249200180","LIMANOWA","2020","05",25.4,"",15.2,"",.0,"",6.0,"",10.4,"",-1.6,"",167.9,"",29.2,"","31","",0,"",0,18,2
"249200180","LIMANOWA","2020","06",27.7,"",21.1,"",6.7,"",13.1,"",16.8,"",3.7,"",151.6,"",31.2,"","22","",0,"",0,23,0
"249200180","LIMANOWA","2020","07",29.9,"",23.1,"",7.6,"",12.8,"",18.0,"",5.4,"",71.1,"",17.3,"","16","",0,"",0,13,0
"249200180","LIMANOWA","2020","08",30.3,"",25.1,"",9.3,"",14.3,"",19.4,"",6.2,"",82.9,"",24.4,"","31","",0,"",0,12,0
"249200180","LIMANOWA","2020","09",27.0,"",20.1,"",3.7,"",10.5,"",14.7,"",2.5,"",81.9,"",27.6,"","30","",0,"",0,11,0
"249200180","LIMANOWA","2020","10",21.0,"",13.5,"",1.6,"",6.5,"",9.5,"",-.4,"",135.1,"",32.0,"","13","",0,"",0,19,0
"249200180","LIMANOWA","2020","11",15.9,"",7.8,"",-6.5,"",1.0,"",3.8,"",-10.3,"",28.7,"",11.9,"","04","",6,"",2,8,4
"249200180","LIMANOWA","2020","12",11.1,"",4.5,"",-10.0,"",-1.4,"",1.4,"",-10.9,"",30.2,"",12.9,"","24","",6,"",10,7,5
"249200240","PTASZKOWA","2020","01",8.3,"",3.2,"",-8.0,"",-3.3,"",-.5,"",.0,"8",11.8,"",5.0,"","04","",6,"",9,8,4
"249200240","PTASZKOWA","2020","02",13.2,"",6.1,"",-9.6,"",-.4,"",2.7,"",.0,"8",95.7,"",33.7,"","04","",25,"",13,13,8
"249200240","PTASZKOWA","2020","03",17.2,"",9.1,"",-7.9,"",-.1,"",4.0,"",.0,"8",26.9,"",8.1,"","04","",3,"",4,8,6
"249200240","PTASZKOWA","2020","04",21.4,"",15.0,"",-5.7,"",2.9,"",8.8,"",.0,"8",30.9,"",15.0,"","13","",0,"",0,4,0
"249200240","PTASZKOWA","2020","05",24.2,"",15.0,"",.3,"",5.8,"",10.4,"",.0,"8",198.2,"",26.4,"","06","27",0,"",0,21,0
"249200240","PTASZKOWA","2020","06",27.9,"",21.1,"",5.4,"",13.0,"",17.0,"",.0,"8",125.7,"",26.0,"","22","",0,"",0,27,0
"249200240","PTASZKOWA","2020","07",29.0,"",23.0,"",7.3,"",13.0,"",18.1,"",.0,"8",72.4,"",23.2,"","11","",0,"",0,15,0
"249200240","PTASZKOWA","2020","08",30.5,"",25.1,"",9.1,"",14.6,"",19.6,"",.0,"8",88.7,"",25.0,"","31","",0,"",0,12,0
"249200240","PTASZKOWA","2020","09",27.3,"",20.2,"",3.8,"",10.2,"",14.8,"",.0,"8",112.9,"",32.1,"","30","",0,"",0,12,0
"249200240","PTASZKOWA","2020","10",20.4,"",13.2,"",.9,"",7.1,"",9.8,"",.0,"8",137.5,"",35.8,"","12","",0,"",0,17,0
"249200240","PTASZKOWA","2020","11",16.0,"",7.2,"",-6.0,"",.6,"",3.5,"",.0,"8",29.6,"",11.7,"","04","",6,"",2,8,2
"249200240","PTASZKOWA","2020","12",11.0,"",4.6,"",-10.3,"",-1.1,"",1.7,"",.0,"8",29.5,"",14.0,"","24","",6,"",7,5,3
"249200260","£¥CKO","2020","01",10.9,"",5.6,"",-9.6,"",-4.0,"",.1,"",.0,"8",11.3,"",3.8,"","04","",2,"",4,8,3
"249200260","£¥CKO","2020","02",13.8,"",7.9,"",-9.0,"",-.5,"",3.4,"",.0,"8",71.4,"",24.8,"","04","",0,"",0,12,8
"249200260","£¥CKO","2020","03",19.8,"",10.8,"",-9.1,"",-1.9,"",3.7,"",.0,"8",14.2,"",3.0,"","20","",4,"",1,9,3
"249200260","£¥CKO","2020","04",23.1,"",16.6,"",-7.1,"",-.6,"",7.9,"",.0,"8",12.0,"",5.0,"","25","",0,"",0,4,0
"249200260","£¥CKO","2020","05",26.7,"",16.6,"",-3.1,"",4.3,"",10.5,"",.0,"8",104.4,"",15.7,"","06","",0,"",0,18,0
"249200260","£¥CKO","2020","06",29.3,"",22.7,"",3.6,"",12.6,"",17.5,"",.0,"8",113.0,"",16.1,"","11","",0,"",0,23,0
"249200260","£¥CKO","2020","07",31.6,"",24.6,"",5.7,"",11.9,"",18.1,"",.0,"8",99.3,"",26.0,"","02","",0,"",0,13,0
"249200260","£¥CKO","2020","08",32.1,"",26.4,"",7.1,"",12.9,"",19.0,"",.0,"8",107.6,"",33.8,"","22","",0,"",0,11,0
"249200260","£¥CKO","2020","09",28.6,"",21.4,"",1.8,"",8.7,"",14.2,"",.0,"8",92.1,"",24.1,"","06","",0,"",0,11,0
"249200260","£¥CKO","2020","10",23.6,"",15.2,"",-.8,"",5.6,"",9.6,"",.0,"8",117.5,"",29.6,"","12","",0,"",0,16,0
"249200260","£¥CKO","2020","11",16.8,"",9.0,"",-8.5,"",-.1,"",3.7,"",.0,"8",15.6,"",9.5,"","04","",0,"",0,9,2
"249200260","£¥CKO","2020","12",12.6,"",5.9,"",-11.1,"",-2.2,"",1.4,"",.0,"8",23.5,"",10.0,"","24","",2,"",2,6,3
"249200360","MIZERNA","2020","01",6.9,"",2.5,"",-12.0,"",-5.6,"",-2.1,"",.0,"8",23.7,"",8.4,"","31","",14,"",31,4,3
"249200360","MIZERNA","2020","02",10.8,"",5.0,"",-11.5,"",-2.6,"",.8,"",.0,"8",71.9,"",18.8,"","04","",17,"",18,5,10
"249200360","MIZERNA","2020","03",17.7,"",9.0,"",-10.1,"",-2.4,"",2.4,"",.0,"8",17.2,"",4.3,"","04","",10,"",3,5,3
"249200360","MIZERNA","2020","04",21.2,"",15.2,"",-7.1,"",-.9,"",6.3,"",.0,"8",5.9,"",2.5,"","13","",0,"",0,3,1
"249200360","MIZERNA","2020","05",24.8,"",14.9,"",-3.2,"",3.5,"",8.9,"",.0,"8",134.8,"",34.0,"","31","",0,"",0,16,0
"249200360","MIZERNA","2020","06",28.2,"",21.5,"",3.2,"",11.8,"",16.3,"",.0,"8",116.6,"",15.7,"","12","",0,"",0,20,0
"249200360","MIZERNA","2020","07",29.2,"",23.1,"",4.7,"",10.9,"",16.6,"",.0,"8",80.6,"",24.8,"","17","",0,"",0,13,0
"249200360","MIZERNA","2020","08",30.2,"",25.0,"",6.2,"",12.4,"",18.0,"",.0,"8",120.6,"",40.0,"","22","",0,"",0,12,0
"249200370","KROŒCIENKO","2020","01",8.1,"",3.6,"",-11.5,"",-4.6,"",-1.2,"",.0,"8",23.4,"",4.9,"","04","",6,"",18,6,7
"249200370","KROŒCIENKO","2020","02",12.0,"",6.3,"",-11.0,"",-1.6,"",1.8,"",.0,"8",79.4,"",21.2,"","04","",5,"",11,10,8
"249200370","KROŒCIENKO","2020","03",19.2,"",10.4,"",-11.0,"",-2.2,"",3.0,"",.0,"8",21.6,"",6.6,"","04","",9,"",4,5,5
"249200370","KROŒCIENKO","2020","04",22.5,"",16.5,"",-7.3,"",-.9,"",7.1,"",.0,"8",12.6,"",7.1,"","29","",0,"",0,3,1
"249200370","KROŒCIENKO","2020","05",25.0,"",16.2,"",-2.9,"",4.3,"",10.0,"",.0,"8",133.2,"",30.6,"","31","",0,"",0,16,0
"249200370","KROŒCIENKO","2020","06",29.0,"",22.4,"",3.1,"",12.3,"",17.0,"",.0,"8",195.6,"",38.3,"","22","",0,"",0,22,0
"249200370","KROŒCIENKO","2020","07",30.0,"",24.1,"",5.1,"",11.6,"",17.4,"",.0,"8",116.7,"",26.5,"","11","",0,"",0,14,0
"249200370","KROŒCIENKO","2020","08",30.9,"",25.7,"",6.8,"",12.8,"",18.4,"",.0,"8",121.9,"",36.9,"","22","",0,"",0,12,0
"249200370","KROŒCIENKO","2020","09",28.1,"",21.0,"",2.6,"",8.8,"",13.6,"",.0,"8",117.8,"",32.3,"","06","",0,"",0,11,0
"249200370","KROŒCIENKO","2020","10",22.7,"",14.3,"",-.7,"",5.9,"",9.1,"",.0,"8",127.9,"",34.6,"","12","",0,"",0,17,0
"249200370","KROŒCIENKO","2020","11",13.5,"",8.0,"",-6.5,"",.4,"",3.4,"",.0,"8",19.9,"",11.5,"","04","",1,"",1,5,3
"249200370","KROŒCIENKO","2020","12",11.5,"",4.8,"",-10.6,"",-.7,"",1.7,"",.0,"8",33.8,"",9.8,"","24","",1,"",4,7,4
"249200420","NIEDZICA","2020","01",7.0,"",2.7,"",-14.2,"",-6.2,"",-2.3,"",.0,"8",28.4,"",8.6,"","04","",13,"",21,6,7
"249200420","NIEDZICA","2020","02",12.2,"",6.0,"",-12.1,"",-2.7,"",1.1,"",.0,"8",68.0,"",18.3,"","04","",10,"",13,7,14
"249200420","NIEDZICA","2020","03",18.4,"",9.5,"",-13.0,"",-3.2,"",2.4,"",.0,"8",21.0,"",4.5,"","04","",15,"",3,5,8
"249200420","NIEDZICA","2020","04",21.2,"",15.6,"",-8.2,"",-1.9,"",6.4,"",.0,"8",8.3,"",4.2,"","29","",0,"",0,2,2
"249200420","NIEDZICA","2020","05",25.1,"",15.3,"",-3.7,"",3.4,"",9.1,"",.0,"8",120.0,"",21.7,"","06","",0,"",0,17,0
"249200420","NIEDZICA","2020","06",27.3,"",21.4,"",3.2,"",11.8,"",16.3,"",.0,"8",92.9,"",14.6,"","22","",0,"",0,21,0
"249200420","NIEDZICA","2020","07",29.7,"",23.2,"",4.8,"",10.8,"",16.5,"",.0,"8",123.4,"",31.9,"","02","",0,"",0,17,0
"249200420","NIEDZICA","2020","08",29.7,"",25.3,"",6.1,"",12.1,"",17.9,"",.0,"8",132.7,"",34.7,"","22","",0,"",0,14,0
"249200420","NIEDZICA","2020","09",26.8,"",20.1,"",1.2,"",7.9,"",12.9,"",.0,"8",98.3,"",27.6,"","06","",0,"",0,12,0
"249200420","NIEDZICA","2020","10",20.7,"",13.3,"",-2.4,"",4.6,"",8.1,"",.0,"8",131.5,"",35.2,"","13","",0,"",0,19,0
"249200420","NIEDZICA","2020","11",13.8,"",6.9,"",-8.3,"",-.8,"",2.4,"",.0,"8",23.9,"",12.9,"","04","",1,"",1,6,3
"249200420","NIEDZICA","2020","12",11.2,"",3.7,"",-12.5,"",-2.2,"",.4,"",.0,"8",32.8,"",10.9,"","23","",0,"",0,6,6
"249200470","KRYNICA","2020","01",7.7,"",.9,"",-13.5,"",-5.5,"",-2.8,"",.0,"8",18.7,"",7.2,"","04","",16,"",31,3,4
"249200470","KRYNICA","2020","02",8.9,"",4.7,"",-14.0,"",-2.7,"",.6,"",.0,"8",96.1,"",30.8,"","04","",32,"",22,9,10
"249200470","KRYNICA","2020","03",17.8,"",8.7,"",-9.2,"",-2.7,"",2.0,"",.0,"8",29.0,"",6.2,"","04","",9,"",4,5,7
"249200470","KRYNICA","2020","04",21.6,"",15.2,"",-7.5,"",-1.1,"",6.3,"",.0,"8",17.9,"",11.0,"","29","",0,"",0,4,0
"249200470","KRYNICA","2020","05",23.1,"",15.0,"",-3.1,"",3.4,"",9.0,"",.0,"8",153.4,"",25.8,"","06","",0,"",0,17,1
"249200470","KRYNICA","2020","06",27.7,"",21.0,"",1.2,"",11.6,"",16.0,"",.0,"8",185.8,"",31.1,"","22","",0,"",0,23,0
"249200470","KRYNICA","2020","07",27.0,"",22.5,"",3.7,"",10.4,"",16.3,"",.0,"8",68.4,"",21.1,"","11","",0,"",0,12,0
"249200470","KRYNICA","2020","08",29.1,"",24.5,"",5.4,"",11.4,"",17.3,"",.0,"8",84.9,"",23.3,"","31","",0,"",0,9,0
"249200470","KRYNICA","2020","09",26.6,"",19.8,"",1.0,"",7.5,"",12.4,"",.0,"8",114.1,"",27.2,"","24","",0,"",0,15,0
"249200470","KRYNICA","2020","10",19.2,"",12.6,"",.6,"",5.2,"",8.2,"",.0,"8",139.4,"",39.3,"","12","",0,"",0,17,0
"249200470","KRYNICA","2020","11",14.4,"",6.0,"",-8.9,"",-.4,"",2.1,"",.0,"8",21.2,"",7.7,"","04","",5,"",2,8,4
"249200470","KRYNICA","2020","12",10.9,"",3.3,"",-10.8,"",-1.3,"",.7,"",.0,"8",35.6,"",9.7,"","24","",5,"",6,10,4
"249200480","BUKOWINA TATRZAÑSKA","2020","01",6.5,"",2.9,"",-9.5,"",-4.1,"",-1.1,"",.0,"8",24.9,"",4.0,"","04","",50,"",31,4,7
"249200480","BUKOWINA TATRZAÑSKA","2020","02",11.6,"",4.2,"",-10.5,"",-2.8,"",.3,"",.0,"8",75.3,"",16.2,"","04","",32,"",29,9,13
"249200480","BUKOWINA TATRZAÑSKA","2020","03",15.0,"",6.7,"",-11.5,"",-2.5,"",1.3,"",.0,"8",36.9,"",11.4,"","21","",25,"",14,7,8
"249200480","BUKOWINA TATRZAÑSKA","2020","04",18.6,"",12.9,"",-8.2,"",1.5,"",6.7,"",.0,"8",17.2,"",9.8,"","29","",2,"",1,3,2
"249200480","BUKOWINA TATRZAÑSKA","2020","05",21.6,"",12.3,"",-2.6,"",4.0,"",7.9,"",.0,"8",175.6,"",26.5,"","06","",0,"",0,16,4
"249200480","BUKOWINA TATRZAÑSKA","2020","06",25.8,"",18.8,"",4.9,"",10.9,"",14.7,"",.0,"8",167.0,"",32.1,"","21","",0,"",0,25,0
"249200480","BUKOWINA TATRZAÑSKA","2020","07",27.4,"",20.7,"",5.1,"",11.1,"",15.7,"",.0,"8",155.3,"",39.7,"","17","",0,"",0,19,0
"249200480","BUKOWINA TATRZAÑSKA","2020","08",27.4,"",22.9,"",7.3,"",13.1,"",17.5,"",.0,"8",138.4,"",37.0,"","18","",0,"",0,12,0
"249200480","BUKOWINA TATRZAÑSKA","2020","09",25.1,"",17.7,"",2.1,"",8.8,"",12.5,"",.0,"8",118.6,"",29.2,"","06","",0,"",0,15,0
"249200480","BUKOWINA TATRZAÑSKA","2020","10",21.2,"",11.5,"",.1,"",4.7,"",7.5,"",.0,"8",129.6,"",29.0,"","12","",8,"",2,20,0
"249200480","BUKOWINA TATRZAÑSKA","2020","11",14.7,"",6.9,"",-7.0,"",.0,"",2.6,"",.0,"8",36.2,"",17.9,"","04","",8,"",3,7,6
"249200480","BUKOWINA TATRZAÑSKA","2020","12",11.4,"",4.1,"",-10.5,"",-2.8,"",.2,"",.0,"8",32.0,"",9.0,"","24","",8,"",8,4,11
"249200490","MUSZYNA","2020","01",8.2,"",1.5,"",-14.6,"",-5.7,"",-2.5,"",-19.0,"",16.5,"",7.2,"","04","",20,"",31,2,6
"249200490","MUSZYNA","2020","02",10.8,"",5.7,"",-12.0,"",-2.2,"",1.2,"",-14.0,"",85.4,"",25.2,"","04","",11,"",17,6,13
"249200490","MUSZYNA","2020","03",18.7,"",10.1,"",-9.2,"",-2.4,"",2.8,"",-10.5,"",21.0,"",6.0,"","04","",4,"",2,8,5
"249200490","MUSZYNA","2020","04",22.7,"",16.3,"",-8.2,"",-1.8,"",6.5,"",-8.9,"",19.2,"",16.4,"","29","",0,"",0,3,1
"249200490","MUSZYNA","2020","05",24.3,"",16.0,"",-2.3,"",4.2,"",9.9,"",-3.5,"",117.0,"",22.4,"","06","",0,"",0,16,0
"249200490","MUSZYNA","2020","06",29.1,"",22.3,"",1.9,"",12.5,"",16.8,"",1.8,"",121.4,"",22.6,"","20","",0,"",0,23,0
"249200490","MUSZYNA","2020","07",28.6,"",23.8,"",5.8,"",11.7,"",17.2,"",5.8,"",97.9,"",30.3,"","02","",0,"",0,13,0
"249200490","MUSZYNA","2020","08",30.4,"",25.9,"",6.4,"",12.5,"",18.2,"",6.0,"",104.1,"",23.6,"","31","",0,"",0,11,0
"249200490","MUSZYNA","2020","09",26.7,"",20.7,"",2.0,"",8.7,"",13.4,"",2.0,"",67.5,"",14.1,"","24","",0,"",0,11,0
"249200490","MUSZYNA","2020","10",20.7,"",13.5,"",1.1,"",5.9,"",9.0,"",.6,"",151.0,"",41.5,"","12","",0,"",0,15,0
"249200490","MUSZYNA","2020","11",14.3,"",6.8,"",-8.3,"",.2,"",2.9,"",-9.1,"",19.7,"",7.1,"","04","",2,"",3,5,4
"249200490","MUSZYNA","2020","12",12.0,"",4.3,"",-11.5,"",-.8,"",1.6,"",-11.9,"",38.6,"",10.2,"","24","",2,"",4,8,3
"249200550","DOLINA PIÊCIU STAWÓW","2020","01",8.2,"",2.3,"",-14.0,"",-5.2,"",-1.6,"",.0,"8",38.1,"",9.0,"","04","",100,"",31,2,11
"249200550","DOLINA PIÊCIU STAWÓW","2020","02",10.7,"",-.3,"",-14.0,"",-6.7,"",-3.6,"",.0,"8",147.8,"",49.5,"","04","",160,"",29,1,23
"249200550","DOLINA PIÊCIU STAWÓW","2020","03",6.7,"",.1,"",-15.0,"",-6.8,"",-3.6,"",.0,"8",60.2,"",10.9,"","21","",144,"",31,0,19
"249200550","DOLINA PIÊCIU STAWÓW","2020","04",11.2,"",5.8,"",-13.6,"",-3.1,"",.9,"",.0,"8",39.1,"",12.7,"","29","",121,"",30,4,3
"249200550","DOLINA PIÊCIU STAWÓW","2020","05",15.2,"",7.0,"",-6.4,"",-.5,"",2.8,"",.0,"8",285.2,"",41.3,"","06","",105,"",31,2,19
"249200550","DOLINA PIÊCIU STAWÓW","2020","06",19.7,"",13.6,"",-1.0,"",6.5,"",10.0,"",.0,"8",405.8,"",106.5,"","22","",33,"",7,19,2
"249200550","DOLINA PIÊCIU STAWÓW","2020","07",20.2,"",15.1,"",1.0,"",7.2,"",10.8,"",.0,"8",196.9,"",37.9,"","02","",0,"",0,18,2
"249200550","DOLINA PIÊCIU STAWÓW","2020","08",21.7,"",17.4,"",4.7,"",9.2,"",12.9,"",.0,"8",154.7,"",36.1,"","19","",0,"",0,13,0
"249200550","DOLINA PIÊCIU STAWÓW","2020","09",21.2,"",13.1,"",.2,"",5.7,"",8.9,"",.0,"8",298.2,"",79.4,"","30","",0,"",0,15,0
"249200550","DOLINA PIÊCIU STAWÓW","2020","10",14.2,"",7.0,"",-4.1,"",1.8,"",3.9,"",.0,"8",255.3,"",69.5,"","30","",24,"",12,12,9
"249200550","DOLINA PIÊCIU STAWÓW","2020","11",11.7,"",5.1,"",-12.5,"",-2.2,"",1.1,"",.0,"8",63.6,"",14.8,"","04","",25,"",11,5,7
"249200550","DOLINA PIÊCIU STAWÓW","2020","12",9.2,"",2.3,"",-14.5,"",-4.2,"",-1.1,"",.0,"8",115.3,"",28.0,"","28","",49,"",31,0,14
"249200920","PIWNICZNA","2020","01",10.7,"",2.4,"",-10.7,"",-4.0,"",-1.3,"",.0,"8",11.4,"",3.8,"","04","",12,"",30,3,6
"249200920","PIWNICZNA","2020","02",12.1,"",6.5,"",-10.0,"",-1.3,"",2.1,"",.0,"8",96.8,"",35.1,"","04","",8,"",13,6,12
"249200920","PIWNICZNA","2020","03",19.3,"",10.4,"",-11.0,"",-2.0,"",3.1,"",.0,"8",24.2,"",10.3,"","04","",7,"",3,7,5
"249200920","PIWNICZNA","2020","04",24.1,"",16.6,"",-7.0,"",-.3,"",7.4,"",.0,"8",24.4,"",15.3,"","29","",0,"",0,4,1
"249200920","PIWNICZNA","2020","05",25.3,"",16.1,"",-1.5,"",4.7,"",10.2,"",.0,"8",156.1,"",33.1,"","30","",0,"",0,18,0
"249200920","PIWNICZNA","2020","06",29.4,"",22.3,"",3.6,"",12.8,"",17.0,"",.0,"8",227.0,"",58.5,"","22","",0,"",0,23,0
"249200920","PIWNICZNA","2020","07",29.5,"",24.1,"",6.0,"",12.1,"",17.6,"",.0,"8",70.4,"",20.6,"","11","",0,"",0,12,0
"249200920","PIWNICZNA","2020","08",30.6,"",26.0,"",7.2,"",13.2,"",18.5,"",.0,"8",113.1,"",29.6,"","31","",0,"",0,11,0
"249200920","PIWNICZNA","2020","09",28.4,"",21.2,"",3.0,"",9.2,"",13.8,"",.0,"8",97.2,"",34.7,"","30","",0,"",0,11,0
"249200920","PIWNICZNA","2020","10",21.3,"",14.1,"",.0,"",6.1,"",9.3,"",.0,"8",139.3,"",36.9,"","12","",0,"",0,16,0
"249200920","PIWNICZNA","2020","11",14.2,"",7.1,"",-4.3,"",1.0,"",3.5,"",.0,"8",27.9,"",11.5,"","04","",4,"",2,6,4
"249200920","PIWNICZNA","2020","12",12.0,"",4.7,"",-10.2,"",-.1,"",2.1,"",.0,"8",32.6,"",7.0,"","24","",4,"",4,6,4
"249200930","PORONIN","2020","01",6.9,"",3.3,"",-16.5,"",-8.8,"",-3.6,"",.0,"8",25.8,"",5.1,"","08","",37,"",31,5,9
"249200930","PORONIN","2020","02",12.0,"",5.2,"",-17.2,"",-5.0,"",-.4,"",.0,"8",91.2,"",22.2,"","04","",33,"",27,8,14
"249200930","PORONIN","2020","03",15.5,"",7.5,"",-16.0,"",-5.2,"",.5,"",.0,"8",41.2,"",9.3,"","21","",23,"",12,5,15
"249200930","PORONIN","2020","04",19.5,"",13.7,"",-10.0,"",-3.4,"",5.0,"",.0,"8",18.6,"",7.5,"","13","29",3,"",1,4,2
"249200930","PORONIN","2020","05",22.3,"",13.3,"",-6.0,"",1.5,"",7.9,"",.0,"8",183.4,"",30.9,"","31","",1,"",1,16,4
"249200930","PORONIN","2020","06",26.7,"",19.7,"",.6,"",9.9,"",15.0,"",.0,"8",175.9,"",41.8,"","21","",0,"",0,24,0
"249200930","PORONIN","2020","07",28.3,"",21.5,"",1.1,"",8.6,"",15.6,"",.0,"8",143.0,"",32.4,"","17","",0,"",0,19,0
"249200930","PORONIN","2020","08",27.8,"",23.5,"",2.5,"",9.8,"",16.4,"",.0,"8",144.4,"",30.5,"","19","",0,"",0,15,0
"249200930","PORONIN","2020","09",25.1,"",18.3,"",-1.9,"",5.0,"",11.1,"",.0,"8",122.4,"",29.5,"","30","",0,"",0,15,0
"249200930","PORONIN","2020","10",21.4,"",12.4,"",-3.9,"",2.2,"",6.6,"",.0,"8",131.3,"",32.9,"","12","",6,"",2,17,2
"249200930","PORONIN","2020","11",15.2,"",7.5,"",-10.5,"",-3.3,"",1.0,"",.0,"8",50.4,"",24.4,"","04","",10,"",3,9,6
"249200930","PORONIN","2020","12",11.2,"",3.9,"",-17.0,"",-6.3,"",-1.8,"",.0,"8",26.6,"",8.3,"","23","",10,"",10,7,6
"249200980","MSZANA DOLNA","2020","01",9.2,"",5.0,"",-8.4,"",-2.4,"",.8,"",.0,"8",25.1,"",5.4,"","19","",7,"",7,8,6
"249200980","MSZANA DOLNA","2020","02",13.7,"",6.7,"",-11.2,"",-.3,"",2.8,"",.0,"8",103.9,"",25.8,"","04","",13,"",10,9,13
"249200980","MSZANA DOLNA","2020","03",17.9,"",9.7,"",-8.6,"",-1.8,"",3.2,"",.0,"8",18.6,"",3.9,"","04","",6,"",3,10,5
"249200980","MSZANA DOLNA","2020","04",21.9,"",15.6,"",-5.2,"",-.2,"",7.7,"",.0,"8",16.4,"",11.6,"","13","",2,"",1,3,1
"249200980","MSZANA DOLNA","2020","05",24.7,"",15.3,"",-3.4,"",3.7,"",9.6,"",.0,"8",156.0,"",25.9,"","31","",0,"",0,21,0
"249200980","MSZANA DOLNA","2020","06",28.1,"",21.8,"",2.8,"",11.8,"",16.6,"",.0,"8",171.7,"",55.2,"","20","",0,"",0,24,0
"249200980","MSZANA DOLNA","2020","07",30.9,"",23.6,"",4.7,"",11.3,"",17.4,"",.0,"8",100.6,"",26.5,"","17","",0,"",0,17,0
"249200980","MSZANA DOLNA","2020","08",30.2,"",25.0,"",7.0,"",12.5,"",18.4,"",.0,"8",124.3,"",35.3,"","19","",0,"",0,11,0
"249200980","MSZANA DOLNA","2020","09",27.0,"",20.4,"",1.0,"",8.1,"",13.2,"",.0,"8",118.7,"",32.7,"","30","",0,"",0,14,0
"249200980","MSZANA DOLNA","2020","10",23.8,"",13.9,"",-.9,"",5.2,"",8.7,"",.0,"8",112.3,"",28.4,"","12","",0,"",0,18,0
"249200980","MSZANA DOLNA","2020","11",15.9,"",8.4,"",-9.5,"",.4,"",3.8,"",.0,"8",28.0,"",11.2,"","04","",12,"",2,5,3
"249200980","MSZANA DOLNA","2020","12",12.7,"",4.4,"",-12.1,"",-3.3,"",-.1,"",.0,"8",26.3,"",11.2,"","24","",8,"",9,6,4
"249220040","DYNÓW","2020","01",8.6,"",3.9,"",-10.8,"",-2.0,"",.5,"",-12.0,"",21.7,"",8.7,"","31","",4,"",5,6,4
"249220040","DYNÓW","2020","02",12.2,"",6.2,"",-8.3,"",-.2,"",2.7,"",-7.9,"",85.6,"",25.0,"","04","",3,"",1,18,2
"249220040","DYNÓW","2020","03",17.8,"",10.3,"",-7.9,"",-1.2,"",3.7,"",-8.1,"",28.4,"",15.5,"","04","",2,"",1,9,3
"249220040","DYNÓW","2020","04",23.4,"",16.0,"",-7.0,"",-1.0,"",7.3,"",-7.7,"",18.9,"",11.0,"","13","",0,"",0,4,0
"249220040","DYNÓW","2020","05",25.5,"",16.8,"",-2.8,"",4.8,"",10.7,"",-3.6,"",136.4,"",30.0,"","30","",0,"",0,16,2
"249220040","DYNÓW","2020","06",30.1,"",23.1,"",4.1,"",13.7,"",18.0,"",3.0,"",160.6,"",37.7,"","21","",0,"",0,21,0
"249220040","DYNÓW","2020","07",29.5,"",25.0,"",6.5,"",12.9,"",18.7,"",6.2,"",87.3,"",33.7,"","11","",0,"",0,15,0
"249220040","DYNÓW","2020","08",31.1,"",26.2,"",7.5,"",13.3,"",19.0,"",6.2,"",89.2,"",19.4,"","04","",0,"",0,12,0
"249220040","DYNÓW","2020","09",28.4,"",21.2,"",3.0,"",9.4,"",14.0,"",1.7,"",82.8,"",21.3,"","26","",0,"",0,11,0
"249220040","DYNÓW","2020","10",22.8,"",14.5,"",2.0,"",7.3,"",10.1,"",.2,"",68.0,"",14.4,"","01","",0,"",0,18,0
"249220040","DYNÓW","2020","11",15.2,"",7.4,"",-5.6,"",1.6,"",4.1,"",-6.7,"",21.3,"",6.4,"","04","",5,"",2,8,3
"249220040","DYNÓW","2020","12",12.0,"",3.5,"",-8.5,"",-1.5,"",.7,"",-9.1,"",43.8,"",10.8,"","24","",3,"",2,10,0
"249220150","SOLINA-JAWOR","2020","01",9.0,"",3.6,"",-8.0,"",-2.3,"",.4,"",-13.5,"",23.1,"",3.5,"","11","",18,"",17,7,5
"249220150","SOLINA-JAWOR","2020","02",10.8,"",5.5,"",-12.5,"",-.7,"",2.2,"",-15.5,"",76.1,"",22.0,"","04","",19,"",14,9,12
"249220150","SOLINA-JAWOR","2020","03",17.6,"",9.5,"",-8.6,"",-1.1,"",3.5,"",-12.6,"",39.9,"",14.0,"","04","",8,"",6,7,6
"249220150","SOLINA-JAWOR","2020","04",21.5,"",15.2,"",-6.6,"",.8,"",7.9,"",-8.6,"",23.4,"",8.7,"","29","",3,"",1,3,1
"249220150","SOLINA-JAWOR","2020","05",24.0,"",15.5,"",-2.4,"",4.9,"",9.9,"",-5.1,"",152.4,"",29.1,"","06","",0,"",0,19,2
"249220150","SOLINA-JAWOR","2020","06",29.6,"",22.0,"",4.4,"",13.2,"",17.1,"",1.6,"",229.3,"",34.1,"","08","",0,"",0,24,0
"249220150","SOLINA-JAWOR","2020","07",28.9,"",23.7,"",6.4,"",12.7,"",17.7,"",4.3,"",107.9,"",37.6,"","11","",0,"",0,18,0
"249220150","SOLINA-JAWOR","2020","08",30.3,"",25.0,"",7.8,"",13.3,"",18.7,"",5.3,"",56.4,"",14.3,"","31","",0,"",0,10,0
"249220150","SOLINA-JAWOR","2020","09",27.7,"",21.0,"",2.9,"",9.4,"",14.1,"",.2,"",85.8,"",28.6,"","30","",0,"",0,13,0
"249220150","SOLINA-JAWOR","2020","10",23.3,"",14.1,"",1.1,"",7.6,"",10.2,"",-1.7,"",97.6,"",16.1,"","01","",0,"",0,16,0
"249220150","SOLINA-JAWOR","2020","11",14.6,"",7.3,"",-5.8,"",1.3,"",3.8,"",-8.5,"",27.5,"",12.0,"","04","",11,"",3,8,4
"249220150","SOLINA-JAWOR","2020","12",13.7,"",4.6,"",-10.1,"",-1.6,"",1.2,"",-15.2,"",62.1,"",19.6,"","31","",8,"",6,13,5
"249220180","KOMAÑCZA","2020","01",8.9,"",1.7,"",-10.1,"",-3.8,"",-1.3,"",.0,"8",30.4,"",7.5,"","31","",18,"",31,0,11
"249220180","KOMAÑCZA","2020","02",10.9,"",4.7,"",-16.1,"",-2.7,"",.8,"",.0,"8",105.6,"",30.7,"","04","",15,"",18,5,16
"249220180","KOMAÑCZA","2020","03",17.5,"",9.4,"",-12.0,"",-3.5,"",2.0,"",.0,"8",44.1,"",13.2,"","04","",6,"",4,3,8
"249220180","KOMAÑCZA","2020","04",21.0,"",15.3,"",-11.5,"",-3.6,"",5.7,"",.0,"8",14.5,"",5.0,"","13","29",0,"",0,3,2
"249220180","KOMAÑCZA","2020","05",25.0,"",16.2,"",-6.0,"",2.4,"",9.4,"",.0,"8",151.6,"",28.2,"","01","",0,"",0,19,2
"249220180","KOMAÑCZA","2020","06",28.9,"",22.2,"",1.0,"",11.9,"",16.8,"",.0,"8",190.8,"",30.4,"","10","",0,"",0,23,0
"249220180","KOMAÑCZA","2020","07",27.9,"",24.1,"",3.0,"",10.8,"",17.0,"",.0,"8",212.9,"",46.5,"","18","",0,"",0,16,0
"249220180","KOMAÑCZA","2020","08",30.4,"",25.5,"",4.8,"",11.5,"",17.7,"",.0,"8",100.6,"",35.7,"","23","",0,"",0,9,0
"249220180","KOMAÑCZA","2020","09",28.9,"",21.3,"",.6,"",7.4,"",12.8,"",.0,"8",65.8,"",17.8,"","30","",0,"",0,10,0
"249220180","KOMAÑCZA","2020","10",22.0,"",13.5,"",.8,"",6.6,"",9.3,"",.0,"8",110.5,"",18.2,"","01","",0,"",0,18,0
"249220180","KOMAÑCZA","2020","11",16.5,"",6.1,"",-5.4,"",.6,"",2.8,"",.0,"8",20.5,"",5.9,"","04","",7,"",3,10,4
"249220180","KOMAÑCZA","2020","12",12.9,"",4.5,"",-15.8,"",-2.1,"",.8,"",.0,"8",67.8,"",21.4,"","28","",6,"",6,11,4
"250160360","TARNÓW","2020","01",12.0,"",4.9,"",-4.2,"",-.3,"",1.8,"",-6.7,"",12.1,"",3.7,"","18","",0,"",0,11,2
"250160360","TARNÓW","2020","02",13.8,"",7.3,"",-2.4,"",2.0,"",4.4,"",-4.6,"",47.5,"",10.3,"","23","",2,"",2,15,7
"250160360","TARNÓW","2020","03",16.8,"",9.4,"",-7.5,"",.3,"",4.2,"",-9.7,"",18.5,"",7.4,"","20","",5,"",2,10,5
"250160360","TARNÓW","2020","04",23.0,"",16.2,"",-5.9,"",2.1,"",9.2,"",-8.0,"",12.8,"",7.0,"","29","",0,"",0,3,1
"250160360","TARNÓW","2020","05",22.5,"",16.6,"",.3,"",5.4,"",11.2,"",-1.6,"",68.2,"",18.4,"","11","",0,"",0,20,0
"250160360","TARNÓW","2020","06",28.6,"",21.1,"",6.1,"",12.5,"",16.8,"",5.2,"",164.2,"",23.8,"","18","",0,"",0,22,0
"250160360","TARNÓW","2020","07",32.2,"",23.9,"",5.6,"",12.0,"",18.3,"",4.6,"",39.1,"",12.9,"","16","",0,"",0,12,0
"250160360","TARNÓW","2020","08",30.0,"",25.0,"",8.1,"",13.6,"",19.2,"",6.1,"",132.4,"",51.2,"","03","",0,"",0,13,0
"250160360","TARNÓW","2020","09",28.5,"",20.5,"",2.1,"",9.3,"",14.3,"",1.1,"",85.3,"",25.9,"","01","",0,"",0,9,0
"250160360","TARNÓW","2020","10",23.6,"",13.5,"",.2,"",7.4,"",10.0,"",-1.4,"",112.0,"",27.6,"","13","",0,"",0,18,0
"250160360","TARNÓW","2020","11",15.6,"",8.1,"",-3.8,"",3.1,"",5.3,"",-5.7,"",28.2,"",8.9,"","03","",3,"",1,12,2
"250160360","TARNÓW","2020","12",12.7,"",5.1,"",-4.8,"",.4,"",2.5,"",-6.8,"",7.8,"",2.6,"","23","",2,"",4,5,3
"250180580","DRONIOWICE","2020","01",9.2,"",4.3,"",-4.6,"",-1.0,"",1.1,"",.0,"8",32.1,"",8.3,"","04","",1,"",4,12,5
"250180580","DRONIOWICE","2020","02",13.4,"",7.1,"",-4.8,"",1.2,"",3.6,"",.0,"8",89.8,"",14.8,"","23","",0,"",0,20,5
"250180580","DRONIOWICE","2020","03",17.3,"",10.0,"",-6.5,"",-.5,"",3.9,"",.0,"8",27.7,"",5.8,"","20","",1,"",1,11,3
"250180580","DRONIOWICE","2020","04",22.7,"",16.4,"",-7.8,"",.3,"",8.3,"",.0,"8",3.1,"",1.7,"","29","",0,"",0,4,0
"250180580","DRONIOWICE","2020","05",26.1,"",16.7,"",-1.5,"",4.3,"",10.8,"",.0,"8",55.8,"",16.4,"","23","",0,"",0,17,0
"250180580","DRONIOWICE","2020","06",31.4,"",22.8,"",4.4,"",12.3,"",17.2,"",.0,"8",179.3,"",46.3,"","26","",0,"",0,20,0
"250180580","DRONIOWICE","2020","07",31.9,"",24.5,"",7.1,"",12.0,"",18.2,"",.0,"8",45.1,"",12.8,"","10","",0,"",0,14,0
"250180580","DRONIOWICE","2020","08",32.4,"",26.5,"",6.1,"",13.3,"",19.4,"",.0,"8",80.7,"",25.1,"","29","",0,"",0,13,0
"250180580","DRONIOWICE","2020","09",29.1,"",21.0,"",2.2,"",9.4,"",14.4,"",.0,"8",81.5,"",18.5,"","01","",0,"",0,10,0
"250180580","DRONIOWICE","2020","10",24.0,"",13.9,"",1.0,"",7.4,"",10.0,"",.0,"8",116.7,"",41.2,"","13","",0,"",0,22,0
"250180580","DRONIOWICE","2020","11",15.5,"",7.8,"",-3.6,"",2.8,"",4.9,"",.0,"8",27.1,"",15.6,"","03","",0,"",0,12,3
"250180580","DRONIOWICE","2020","12",12.3,"",4.4,"",-6.6,"",-.1,"",1.8,"",.0,"8",37.0,"",8.7,"","30","",3,"",3,9,2
"250190160","LGOTA GÓRNA","2020","01",9.3,"",3.9,"",-5.7,"",-2.0,"",.8,"",-8.8,"",22.5,"",5.1,"","31","",1,"",2,9,3
"250190160","LGOTA GÓRNA","2020","02",13.3,"",6.7,"",-6.5,"",-.4,"",2.9,"",-7.9,"",78.9,"",15.8,"","23","",3,"",3,14,8
"250190160","LGOTA GÓRNA","2020","03",17.3,"",9.6,"",-8.0,"",-1.0,"",3.7,"",-10.9,"",28.1,"",12.1,"","20","",2,"",1,10,4
"250190160","LGOTA GÓRNA","2020","04",22.8,"",16.3,"",-7.0,"",.8,"",8.6,"",-8.9,"",5.3,"",4.5,"","29","",0,"",0,2,0
"250190160","LGOTA GÓRNA","2020","05",24.8,"",16.4,"",-1.0,"",4.1,"",10.3,"",-4.0,"",79.8,"",19.2,"","23","",0,"",0,16,1
"250190160","LGOTA GÓRNA","2020","06",30.3,"",22.2,"",3.4,"",11.5,"",16.8,"",1.5,"",136.6,"",29.6,"","26","",0,"",0,17,0
"250190160","LGOTA GÓRNA","2020","07",30.3,"",23.8,"",6.9,"",11.5,"",17.6,"",5.9,"",69.6,"",17.5,"","26","",0,"",0,11,0
"250190160","LGOTA GÓRNA","2020","08",30.8,"",25.5,"",7.9,"",12.9,"",18.8,"",6.9,"",101.8,"",27.2,"","29","",0,"",0,11,0
"250190160","LGOTA GÓRNA","2020","09",27.3,"",20.3,"",1.0,"",8.6,"",13.9,"",.0,"",59.8,"",14.5,"","28","",0,"",0,11,0
"250190160","LGOTA GÓRNA","2020","10",22.8,"",13.7,"",-.5,"",5.9,"",9.4,"",-1.5,"",118.9,"",47.0,"","13","",0,"",0,18,0
"250190160","LGOTA GÓRNA","2020","11",15.3,"",7.3,"",-4.0,"",1.1,"",4.1,"",-6.0,"",31.2,"",12.3,"","03","",5,"",2,11,2
"250190160","LGOTA GÓRNA","2020","12",11.8,"",3.9,"",-9.0,"",-1.9,"",1.0,"",-9.9,"",29.2,"",7.1,"","30","",2,"",2,8,2
"250190390","KRAKÓW-OBSERWATORIUM","2020","01",9.5,"",5.2,"",-5.1,"",-1.1,"",1.6,"",-8.5,"",21.1,"",6.2,"","09","",0,"",0,7,4
"250190390","KRAKÓW-OBSERWATORIUM","2020","02",16.9,"",9.0,"",-5.5,"",1.2,"",4.5,"",-8.5,"",69.6,"",17.1,"","23","",0,"",0,14,9
"250190390","KRAKÓW-OBSERWATORIUM","2020","03",20.0,"",11.7,"",-4.7,"",.9,"",5.5,"",-9.4,"",16.5,"",4.1,"","20","",2,"",1,9,2
"250190390","KRAKÓW-OBSERWATORIUM","2020","04",25.4,"",18.0,"",-3.1,"",2.8,"",10.0,"",-7.6,"",6.4,"",3.2,"","29","",0,"",0,3,1
"250190390","KRAKÓW-OBSERWATORIUM","2020","05",28.2,"",18.0,"",-.2,"",6.8,"",12.1,"",-1.2,"",112.6,"",30.5,"","30","",0,"",0,18,0
"250190390","KRAKÓW-OBSERWATORIUM","2020","06",31.4,"",23.8,"",7.4,"",14.5,"",18.7,"",6.9,"",75.9,"",19.2,"","26","",0,"",0,19,0
"250190390","KRAKÓW-OBSERWATORIUM","2020","07",32.5,"",26.3,"",8.9,"",14.1,"",19.7,"",8.5,"",55.7,"",12.2,"","16","",0,"",0,13,0
"250190390","KRAKÓW-OBSERWATORIUM","2020","08",32.6,"",27.6,"",10.3,"",15.7,"",20.9,"",9.4,"",88.3,"",29.6,"","16","",0,"",0,14,0
"250190390","KRAKÓW-OBSERWATORIUM","2020","09",29.5,"",22.1,"",4.2,"",10.7,"",15.5,"",3.6,"",104.3,"",26.3,"","30","",0,"",0,10,0
"250190390","KRAKÓW-OBSERWATORIUM","2020","10",24.0,"",15.5,"",2.4,"",7.5,"",10.5,"",.9,"",108.1,"",34.5,"","12","",0,"",0,18,0
"250190390","KRAKÓW-OBSERWATORIUM","2020","11",15.9,"",9.3,"",-4.1,"",2.6,"",5.3,"",-6.8,"",25.4,"",15.0,"","04","",3,"",2,9,2
"250190390","KRAKÓW-OBSERWATORIUM","2020","12",14.2,"",4.4,"",-6.7,"",-.8,"",1.4,"",-9.4,"",22.8,"",6.0,"","23","",0,"",2,7,4
"250200230","BORUSOWA","2020","01",10.4,"",5.1,"",-6.1,"",-2.0,"",.9,"",-8.5,"",12.5,"",2.8,"","09","",0,"",0,8,2
"250200230","BORUSOWA","2020","02",14.3,"",8.2,"",-6.6,"",.9,"",3.9,"",-9.0,"",49.7,"",14.5,"","04","",0,"",0,18,2
"250200230","BORUSOWA","2020","03",17.9,"",11.4,"",-7.1,"",-.6,"",4.6,"",-9.0,"",16.8,"",4.5,"","20","",1,"",1,11,2
"250200230","BORUSOWA","2020","04",24.9,"",16.9,"",-5.6,"",.3,"",8.5,"",-9.2,"",14.9,"",9.5,"","29","",0,"",0,3,0
"250200230","BORUSOWA","2020","05",27.9,"",17.8,"",-1.0,"",5.5,"",11.6,"",-3.0,"",97.4,"",31.0,"","30","",0,"",0,14,0
"250200230","BORUSOWA","2020","06",30.5,"",23.8,"",4.8,"",13.5,"",18.5,"",3.4,"",109.0,"",22.0,"","17","",0,"",0,19,0
"250200230","BORUSOWA","2020","07",31.1,"",25.9,"",7.1,"",13.0,"",19.3,"",.0,"8",42.6,"",15.0,"","11","",0,"",0,14,0
"250200230","BORUSOWA","2020","08",32.4,"",27.4,"",7.6,"",14.1,"",20.3,"",.0,"8",78.0,"",26.5,"","19","",0,"",0,12,0
"250200230","BORUSOWA","2020","09",28.9,"",21.9,"",2.7,"",9.3,"",14.8,"",1.3,"",65.6,"",22.0,"","30","",0,"",0,10,0
"250200230","BORUSOWA","2020","10",23.5,"",15.2,"",.7,"",6.9,"",10.3,"",-.5,"",97.9,"",34.0,"","12","",0,"",0,19,0
"250200230","BORUSOWA","2020","11",17.9,"",8.8,"",-4.7,"",2.1,"",4.9,"",-7.0,"",37.3,"",22.0,"","04","",6,"",1,9,2
"250200230","BORUSOWA","2020","12",12.7,"",4.5,"",-6.6,"",-.9,"",1.4,"",-8.8,"",25.0,"",8.8,"","24","",1,"",1,10,2
"250210050","ŒWIÊTY KRZY¯","2020","01",8.5,"",2.3,"",-5.6,"",-2.0,"",.0,"",-6.5,"",29.6,"",12.0,"","31","",8,"",6,3,9
"250210050","ŒWIÊTY KRZY¯","2020","02",11.2,"",4.2,"",-5.9,"",-1.1,"",1.2,"",-8.8,"",74.2,"",18.3,"","23","",9,"",12,10,12
"250210050","ŒWIÊTY KRZY¯","2020","03",15.3,"",7.6,"",-7.9,"",-.1,"",3.0,"",-8.8,"",22.4,"",6.6,"","02","",0,"",0,8,5
"250210050","ŒWIÊTY KRZY¯","2020","04",22.1,"",13.8,"",-3.3,"",3.2,"",7.8,"",-5.5,"",18.6,"",16.5,"","29","",0,"",0,4,0
"250210050","ŒWIÊTY KRZY¯","2020","05",23.1,"",14.7,"",-.8,"",5.7,"",9.6,"",-.9,"",98.6,"",27.3,"","30","",0,"",0,12,1
"250210050","ŒWIÊTY KRZY¯","2020","06",26.7,"",20.7,"",5.5,"",12.2,"",15.9,"",4.6,"",119.5,"",35.0,"","29","",0,"",0,19,0
"250210050","ŒWIÊTY KRZY¯","2020","07",25.9,"",21.5,"",7.4,"",12.7,"",16.8,"",6.1,"",61.9,"",12.1,"","03","",0,"",0,14,0
"250210050","ŒWIÊTY KRZY¯","2020","08",28.7,"",23.6,"",9.2,"",14.8,"",18.5,"",7.3,"",78.7,"",27.5,"","18","",0,"",0,14,0
"250210050","ŒWIÊTY KRZY¯","2020","09",25.2,"",18.5,"",4.5,"",11.2,"",14.1,"",2.4,"",72.4,"",18.9,"","30","",0,"",0,12,0
"250210050","ŒWIÊTY KRZY¯","2020","10",19.1,"",11.0,"",1.0,"",6.7,"",8.3,"",1.3,"",130.0,"",45.3,"","13","",0,"",0,20,0
"250210050","ŒWIÊTY KRZY¯","2020","11",14.9,"",5.1,"",-5.4,"",1.3,"",2.9,"",-5.4,"",26.9,"",13.0,"","04","",7,"",3,9,4
"250210050","ŒWIÊTY KRZY¯","2020","12",8.4,"",1.1,"",-6.6,"",-2.2,"",-.7,"",-9.7,"",21.0,"",7.1,"","22","",7,"",14,6,8
"250210130","STASZÓW","2020","01",8.4,"",4.0,"",-8.6,"",-2.7,"",.2,"",.0,"8",21.3,"",5.3,"","08","",0,"",0,8,3
"250210130","STASZÓW","2020","02",13.9,"",7.1,"",-9.2,"",-.6,"",2.8,"",.0,"8",61.8,"",14.3,"","04","",0,"",0,16,7
"250210130","STASZÓW","2020","03",17.9,"",10.7,"",-9.5,"",-1.5,"",3.8,"",.0,"8",23.6,"",6.2,"","02","",1,"",1,10,4
"250210130","STASZÓW","2020","04",24.2,"",16.3,"",-8.0,"",-1.4,"",7.8,"",.0,"8",21.0,"",17.4,"","29","",0,"",0,3,0
"250210130","STASZÓW","2020","05",26.7,"",17.3,"",-3.6,"",4.3,"",11.1,"",.0,"8",75.9,"",20.7,"","30","",0,"",0,16,0
"250210130","STASZÓW","2020","06",29.5,"",23.9,"",2.0,"",13.1,"",18.3,"",.0,"8",57.4,"",11.2,"","22","",0,"",0,21,0
"250210130","STASZÓW","2020","07",30.8,"",25.2,"",4.2,"",11.5,"",18.7,"",.0,"8",47.2,"",11.7,"","18","",0,"",0,15,0
"250210130","STASZÓW","2020","08",32.8,"",27.5,"",6.5,"",12.8,"",19.8,"",.0,"8",47.5,"",18.3,"","31","",0,"",0,10,0
"250210130","STASZÓW","2020","09",29.5,"",21.8,"",.2,"",7.7,"",14.0,"",.0,"8",64.5,"",16.0,"","26","",0,"",0,11,0
"250210130","STASZÓW","2020","10",23.4,"",14.5,"",-.1,"",6.0,"",9.5,"",.0,"8",94.9,"",35.6,"","13","",0,"",0,17,0
"250210130","STASZÓW","2020","11",16.4,"",7.3,"",-7.5,"",1.2,"",3.9,"",.0,"8",22.4,"",15.3,"","04","",4,"",2,7,2
"250210130","STASZÓW","2020","12",12.2,"",3.6,"",-8.0,"",-.8,"",1.1,"",.0,"8",22.9,"",6.6,"","22","24",2,"",4,10,2
"250210180","CHORZELÓW","2020","01",10.0,"",4.8,"",-8.0,"",-3.1,"",.7,"",.0,"8",17.8,"",4.3,"","31","",0,"",0,8,6
"250210180","CHORZELÓW","2020","02",14.0,"",7.8,"",-9.0,"",-.7,"",3.3,"",.0,"8",65.3,"",14.4,"","04","",0,"",0,17,5
"250210180","CHORZELÓW","2020","03",18.2,"",11.3,"",-8.7,"",-.7,"",4.5,"",.0,"8",31.6,"",9.5,"","20","",2,"",1,12,3
"250210180","CHORZELÓW","2020","04",24.9,"",16.9,"",-7.0,"",-1.0,"",8.4,"",.0,"8",19.0,"",8.5,"","29","",0,"",0,3,0
"250210180","CHORZELÓW","2020","05",27.8,"",17.8,"",-2.1,"",4.2,"",11.4,"",.0,"8",96.6,"",34.3,"","30","",0,"",0,16,0
"250210180","CHORZELÓW","2020","06",30.2,"",24.3,"",4.3,"",12.6,"",18.6,"",.0,"8",89.0,"",26.3,"","29","",0,"",0,20,0
"250210180","CHORZELÓW","2020","07",30.9,"",25.6,"",6.1,"",12.0,"",19.2,"",.0,"8",69.0,"",32.8,"","18","",0,"",0,13,0
"250210180","CHORZELÓW","2020","08",33.2,"",27.7,"",7.5,"",13.4,"",20.2,"",.0,"8",55.5,"",23.0,"","31","",0,"",0,10,0
"250210180","CHORZELÓW","2020","09",29.4,"",22.1,"",2.4,"",8.9,"",14.8,"",.0,"8",91.9,"",24.0,"","06","",0,"",0,11,0
"250210180","CHORZELÓW","2020","10",23.7,"",14.9,"",.4,"",7.0,"",10.5,"",.0,"8",95.4,"",27.2,"","12","",0,"",0,19,0
"250210180","CHORZELÓW","2020","11",16.8,"",8.3,"",-5.6,"",1.6,"",4.6,"",.0,"8",18.7,"",7.5,"","04","",7,"",2,8,2
"250210180","CHORZELÓW","2020","12",13.7,"",4.3,"",-6.6,"",-1.2,"",1.3,"",.0,"8",33.8,"",11.4,"","24","",4,"",4,11,2
"250210240","ZAWADA","2020","01",10.1,"",5.3,"",-5.0,"",-.6,"",1.8,"",-7.5,"",20.2,"",5.5,"","31","",0,"",0,12,0
"250210240","ZAWADA","2020","02",12.9,"",8.0,"",-4.8,"",1.8,"",4.3,"",-9.0,"",51.3,"",11.8,"","23","",0,"",0,22,1
"250210240","ZAWADA","2020","03",18.3,"",11.2,"",-7.1,"",.1,"",5.1,"",-9.5,"",21.7,"",7.1,"","04","",1,"",1,11,1
"250210240","ZAWADA","2020","04",23.5,"",16.7,"",-4.7,"",1.7,"",9.3,"",-8.0,"",19.0,"",14.0,"","29","",0,"",0,3,0
"250210240","ZAWADA","2020","05",26.7,"",17.2,"",-1.2,"",6.0,"",11.5,"",-3.0,"",115.1,"",33.5,"","30","",0,"",0,16,0
"250210240","ZAWADA","2020","06",31.0,"",23.8,"",6.3,"",13.6,"",18.6,"",5.0,"",51.5,"",14.4,"","21","",0,"",0,15,0
"250210240","ZAWADA","2020","07",31.2,"",25.7,"",7.8,"",13.3,"",19.5,"",5.0,"",42.0,"",19.5,"","20","",0,"",0,12,0
"250210240","ZAWADA","2020","08",32.0,"",27.5,"",7.8,"",13.7,"",20.3,"",6.0,"",67.1,"",20.0,"","31","",0,"",0,12,0
"250210240","ZAWADA","2020","09",28.7,"",21.8,"",3.9,"",9.7,"",15.3,"",1.5,"",87.1,"",24.2,"","29","",0,"",0,11,0
"250210240","ZAWADA","2020","10",22.9,"",14.7,"",1.8,"",7.5,"",10.8,"",.5,"",101.2,"",26.8,"","12","",0,"",0,15,0
"250210240","ZAWADA","2020","11",17.0,"",8.6,"",-6.1,"",1.8,"",5.0,"",-7.5,"",18.2,"",8.2,"","04","",3,"",2,7,2
"250210240","ZAWADA","2020","12",13.8,"",4.8,"",-7.1,"",-1.3,"",1.6,"",-7.5,"",34.1,"",11.9,"","24","",1,"",2,11,1
"250220120","JAROCIN","2020","01",9.2,"",4.5,"",-9.0,"",-1.5,"",.9,"",.0,"8",24.6,"",10.1,"","31","",0,"",0,5,6
"250220120","JAROCIN","2020","02",14.3,"",7.3,"",-9.0,"",.1,"",3.0,"",.0,"8",74.5,"",15.6,"","04","23",0,"",0,15,6
"250220120","JAROCIN","2020","03",18.2,"",10.9,"",-9.2,"",-.5,"",4.3,"",.0,"8",31.5,"",11.0,"","02","",0,"",0,12,1
"250220120","JAROCIN","2020","04",24.1,"",16.3,"",-6.5,"",-.3,"",8.1,"",.0,"8",11.7,"",6.2,"","13","",0,"",0,3,0
"250220120","JAROCIN","2020","05",26.7,"",17.6,"",-2.0,"",4.9,"",11.4,"",.0,"8",91.6,"",30.3,"","30","",0,"",0,19,0
"250220120","JAROCIN","2020","06",30.1,"",24.1,"",2.2,"",13.8,"",18.6,"",.0,"8",155.5,"",43.8,"","08","",0,"",0,19,0
"250220120","JAROCIN","2020","07",30.1,"",25.3,"",6.4,"",12.6,"",19.1,"",.0,"8",49.7,"",20.0,"","03","",0,"",0,10,0
"250220120","JAROCIN","2020","08",33.1,"",27.1,"",6.7,"",13.0,"",19.8,"",.0,"8",47.2,"",13.2,"","31","",0,"",0,9,0
"250220120","JAROCIN","2020","09",28.6,"",21.5,"",.5,"",8.5,"",14.2,"",.0,"8",85.9,"",19.8,"","26","",0,"",0,9,0
"250220120","JAROCIN","2020","10",24.5,"",14.9,"",-.4,"",7.2,"",10.4,"",.0,"8",76.0,"",23.8,"","13","",0,"",0,14,0
"250220120","JAROCIN","2020","11",15.8,"",7.9,"",-7.0,"",1.7,"",4.3,"",.0,"8",13.2,"",4.9,"","04","",0,"",0,8,1
"250220120","JAROCIN","2020","12",11.9,"",4.0,"",-6.6,"",-.4,"",1.5,"",.0,"8",37.3,"",11.8,"","22","",0,"",0,7,2
"250230160","CIESZANÓW","2020","01",8.4,"",4.0,"",-6.3,"",-2.2,"",.6,"",-8.0,"",21.8,"",7.8,"","31","",1,"",2,7,5
"250230160","CIESZANÓW","2020","02",12.8,"",6.2,"",-8.3,"",-.5,"",2.5,"",-8.8,"",63.7,"",15.8,"","04","",2,"",2,13,5
"250230160","CIESZANÓW","2020","03",17.6,"",10.4,"",-7.4,"",-1.2,"",4.1,"",-8.8,"",32.8,"",15.7,"","04","",2,"",1,10,3
"250230160","CIESZANÓW","2020","04",24.2,"",15.9,"",-7.4,"",-.9,"",7.5,"",-8.5,"",5.2,"",5.1,"","13","",0,"",0,2,0
"250230160","CIESZANÓW","2020","05",25.7,"",16.9,"",-3.4,"",4.4,"",10.9,"",-5.3,"",126.2,"",31.1,"","30","",0,"",0,17,1
"250230160","CIESZANÓW","2020","06",29.3,"",23.7,"",3.1,"",13.3,"",18.4,"",1.6,"",156.9,"",22.6,"","08","",0,"",0,22,0
"250230160","CIESZANÓW","2020","07",29.6,"",25.0,"",5.9,"",12.1,"",18.9,"",5.5,"",81.6,"",21.3,"","11","",0,"",0,11,0
"250230160","CIESZANÓW","2020","08",32.5,"",26.3,"",6.7,"",12.9,"",19.5,"",6.0,"",101.7,"",24.9,"","24","",0,"",0,12,0
"250230160","CIESZANÓW","2020","09",28.0,"",21.1,"",2.6,"",9.3,"",14.4,"",1.1,"",114.7,"",45.8,"","26","",0,"",0,9,0
"250230160","CIESZANÓW","2020","10",23.6,"",14.8,"",2.3,"",7.7,"",10.7,"",-.4,"",56.6,"",23.4,"","13","",0,"",0,18,0
"250230160","CIESZANÓW","2020","11",14.2,"",7.3,"",-5.6,"",1.4,"",4.0,"",-8.0,"",17.2,"",4.3,"","28","",2,"",2,12,3
"250230160","CIESZANÓW","2020","12",10.8,"",3.3,"",-7.3,"",-.6,"",1.2,"",-8.4,"",46.1,"",14.8,"","31","",2,"",4,8,1
"250240010","STRZY¯ÓW","2020","01",9.9,"",3.7,"",-7.0,"",-1.7,"",.6,"",-8.7,"",24.2,"",5.6,"","31","",1,"",2,6,3
"250240010","STRZY¯ÓW","2020","02",13.9,"",6.7,"",-7.0,"",-.4,"",2.5,"",-9.2,"",43.2,"",11.5,"","23","",0,"",0,15,5
"250240010","STRZY¯ÓW","2020","03",18.1,"",11.0,"",-8.5,"",-.7,"",4.2,"",-10.7,"",27.2,"",15.3,"","04","",0,"",0,10,4
"250240010","STRZY¯ÓW","2020","04",25.6,"",16.4,"",-5.4,"",-.5,"",7.7,"",-8.7,"",2.5,"",2.3,"","13","",0,"",0,2,0
"250240010","STRZY¯ÓW","2020","05",27.1,"",17.8,"",-.9,"",5.9,"",11.5,"",-4.1,"",89.0,"",27.2,"","30","",0,"",0,18,0
"250240010","STRZY¯ÓW","2020","06",30.6,"",25.0,"",5.5,"",14.4,"",19.2,"",3.6,"",158.4,"",29.5,"","11","",0,"",0,17,0
"250240010","STRZY¯ÓW","2020","07",29.6,"",25.4,"",8.5,"",13.3,"",19.3,"",7.0,"",55.2,"",16.5,"","03","",0,"",0,12,0
"250240010","STRZY¯ÓW","2020","08",33.6,"",26.4,"",8.0,"",13.0,"",19.5,"",5.0,"",70.4,"",21.8,"","24","",0,"",0,13,0
"250240010","STRZY¯ÓW","2020","09",28.1,"",21.8,"",2.1,"",9.4,"",14.5,"",.6,"",98.6,"",19.5,"","01","",0,"",0,10,0
"250240010","STRZY¯ÓW","2020","10",23.1,"",15.0,"",.1,"",7.3,"",10.5,"",-.9,"",43.0,"",12.3,"","13","",0,"",0,12,0
"250240010","STRZY¯ÓW","2020","11",13.6,"",8.0,"",-4.9,"",2.3,"",4.6,"",-7.4,"",17.1,"",4.0,"","04","",0,"",0,9,1
"250240010","STRZY¯ÓW","2020","12",10.7,"",3.8,"",-5.4,"",-.4,"",1.3,"",-8.5,"",65.1,"",21.2,"","24","",4,"",1,11,3
"251150060","CEBER","2020","01",12.6,"",7.9,"",-6.5,"",.1,"",3.4,"",-9.5,"",21.5,"",5.0,"","30","",0,"",0,9,0
"251150060","CEBER","2020","02",15.5,"",9.5,"",-2.6,"",2.9,"",5.5,"",-5.9,"",58.2,"",15.7,"","23","",0,"",0,17,0
"251150060","CEBER","2020","03",20.6,"",11.5,"",-8.5,"",-.4,"",4.6,"",-11.5,"",21.4,"",10.0,"","03","",0,"",0,9,0
"251150060","CEBER","2020","04",25.4,"",17.7,"",-7.0,"",.6,"",9.1,"",-10.0,"",2.8,"",1.8,"","13","",0,"",0,2,0
"251150060","CEBER","2020","05",23.5,"",18.7,"",-.2,"",5.0,"",11.8,"",-4.6,"",44.4,"",14.7,"","11","",0,"",0,10,0
"251150060","CEBER","2020","06",32.4,"",24.0,"",6.7,"",12.3,"",18.1,"",.3,"",79.3,"",24.0,"","02","",0,"",0,15,0
"251150060","CEBER","2020","07",32.6,"",25.5,"",7.9,"",13.0,"",19.5,"",6.2,"",33.9,"",16.0,"","01","",0,"",0,12,0
"251150060","CEBER","2020","08",34.4,"",27.2,"",8.5,"",14.1,"",20.4,"",1.8,"",82.7,"",24.0,"","03","30",0,"",0,15,0
"251150060","CEBER","2020","09",30.9,"",22.2,"",2.0,"",9.9,"",15.0,"",-2.2,"",64.2,"",34.0,"","26","",0,"",0,11,0
"251150060","CEBER","2020","10",23.9,"",14.7,"",2.0,"",8.3,"",10.9,"",-3.0,"",85.9,"",41.2,"","13","",0,"",0,21,0
"251150060","CEBER","2020","11",17.5,"",9.7,"",-5.1,"",3.5,"",6.0,"",-6.1,"",11.4,"",4.3,"","16","",0,"",0,12,0
"251150060","CEBER","2020","12",12.3,"",5.9,"",-5.5,"",.0,"",2.5,"",-6.6,"",15.3,"",6.4,"","23","",2,"",1,5,2
"251160320","RADZYÑ","2020","01",11.9,"",6.7,"",-4.7,"",.1,"",3.0,"",-9.5,"",24.6,"",5.3,"","28","",0,"",0,11,1
"251160320","RADZYÑ","2020","02",15.7,"",9.2,"",-2.8,"",2.3,"",5.3,"",-5.5,"",76.4,"",15.8,"","23","",0,"",0,16,4
"251160320","RADZYÑ","2020","03",18.6,"",10.6,"",-7.3,"",.3,"",4.8,"",-11.7,"",24.5,"",10.1,"","03","",0,"",0,12,0
"251160320","RADZYÑ","2020","04",25.3,"",17.2,"",-5.0,"",2.2,"",9.7,"",-10.1,"",3.5,"",1.3,"","13","",0,"",0,3,0
"251160320","RADZYÑ","2020","05",24.0,"",17.9,"",.6,"",5.9,"",12.1,"",-1.8,"",52.5,"",14.6,"","11","",0,"",0,13,0
"251160320","RADZYÑ","2020","06",31.2,"",23.4,"",7.5,"",13.2,"",18.5,"",5.4,"",56.5,"",12.9,"","02","",0,"",0,17,0
"251160320","RADZYÑ","2020","07",32.7,"",25.4,"",7.7,"",12.7,"",19.4,"",5.7,"",33.0,"",16.0,"","01","",0,"",0,12,0
"251160320","RADZYÑ","2020","08",33.1,"",26.6,"",9.4,"",14.8,"",20.6,"",7.5,"",76.4,"",26.2,"","30","",0,"",0,14,0
"251160320","RADZYÑ","2020","09",30.5,"",21.7,"",2.5,"",10.0,"",15.1,"",.7,"",49.7,"",29.4,"","26","",0,"",0,8,0
"251160320","RADZYÑ","2020","10",23.6,"",14.7,"",2.7,"",8.0,"",10.9,"",-.4,"",90.8,"",43.4,"","13","",0,"",0,20,0
"251160320","RADZYÑ","2020","11",16.8,"",9.4,"",-4.2,"",3.2,"",5.9,"",-7.8,"",13.0,"",3.7,"","16","",0,"",0,12,0
"251160320","RADZYÑ","2020","12",12.7,"",5.6,"",-3.9,"",.0,"",2.5,"",-10.5,"",14.8,"",5.0,"","23","",2,"",1,7,2
"251170090","SMOLICE","2020","01",10.5,"",5.6,"",-4.8,"",-.3,"",2.4,"",-8.4,"",26.8,"",7.3,"","30","",0,"",0,12,0
"251170090","SMOLICE","2020","02",13.3,"",8.2,"",-3.4,"",1.8,"",4.7,"",-5.9,"",65.3,"",20.0,"","23","",0,"",0,16,3
"251170090","SMOLICE","2020","03",17.8,"",10.5,"",-6.1,"",.4,"",4.9,"",-8.5,"",17.8,"",6.2,"","10","",2,"",1,11,1
"251170090","SMOLICE","2020","04",23.6,"",17.0,"",-6.1,"",1.8,"",9.4,"",-10.2,"",5.1,"",1.7,"","30","",0,"",0,4,0
"251170090","SMOLICE","2020","05",23.3,"",17.6,"",.0,"",5.6,"",11.8,"",-2.3,"",67.3,"",27.0,"","11","",0,"",0,11,1
"251170090","SMOLICE","2020","06",30.2,"",23.3,"",7.2,"",13.1,"",18.4,"",3.4,"",102.7,"",27.0,"","07","",0,"",0,16,0
"251170090","SMOLICE","2020","07",32.8,"",25.4,"",6.4,"",11.6,"",18.8,"",5.3,"",52.1,"",13.8,"","15","",0,"",0,7,0
"251170090","SMOLICE","2020","08",33.2,"",26.7,"",8.4,"",14.5,"",20.5,"",4.9,"",93.8,"",28.0,"","03","",0,"",0,12,0
"251170090","SMOLICE","2020","09",29.2,"",21.8,"",2.3,"",9.8,"",15.3,"",-.9,"",62.0,"",21.0,"","25","",0,"",0,9,0
"251170090","SMOLICE","2020","10",24.1,"",14.9,"",2.7,"",7.6,"",10.8,"",-.1,"",72.5,"",38.8,"","13","",0,"",0,15,0
"251170090","SMOLICE","2020","11",15.3,"",9.2,"",-3.8,"",3.0,"",5.9,"",-7.2,"",14.6,"",4.8,"","03","",0,"",0,11,0
"251170090","SMOLICE","2020","12",13.9,"",6.1,"",-4.7,"",-.5,"",2.5,"",-7.0,"",18.2,"",6.8,"","22","",0,"",0,6,1
"251190050","PUCZNIEW","2020","01",9.8,"",4.7,"",-4.3,"",-.8,"",1.7,"",-7.9,"",21.5,"",6.5,"","30","",0,"",0,12,3
"251190050","PUCZNIEW","2020","02",13.0,"",7.4,"",-5.0,"",1.1,"",3.9,"",-7.5,"",50.7,"",12.0,"","23","",0,"",0,18,3
"251190050","PUCZNIEW","2020","03",16.8,"",9.6,"",-7.8,"",-.1,"",4.3,"",-12.3,"",20.6,"",5.2,"","10","",0,"",0,9,4
"251190050","PUCZNIEW","2020","04",23.5,"",16.2,"",-6.8,"",.8,"",8.6,"",-9.3,"",4.6,"",4.0,"","29","",0,"",0,3,0
"251190050","PUCZNIEW","2020","05",23.7,"",16.8,"",.4,"",5.5,"",11.3,"",-2.0,"",77.9,"",18.9,"","11","",0,"",0,15,0
"251190050","PUCZNIEW","2020","06",28.4,"",22.7,"",5.1,"",13.5,"",18.0,"",2.5,"",127.4,"",23.4,"","18","",0,"",0,13,0
"251190050","PUCZNIEW","2020","07",32.3,"",25.0,"",7.8,"",12.4,"",18.7,"",6.0,"",68.2,"",20.0,"","10","",0,"",0,14,0
"251190050","PUCZNIEW","2020","08",32.2,"",26.1,"",9.2,"",14.0,"",19.8,"",.9,"",74.7,"",16.6,"","04","",0,"",0,13,0
"251190050","PUCZNIEW","2020","09",29.8,"",21.5,"",1.5,"",10.1,"",14.9,"",.0,"",86.1,"",26.2,"","25","",0,"",0,10,0
"251190050","PUCZNIEW","2020","10",23.7,"",14.3,"",3.2,"",8.0,"",10.4,"",.4,"",97.6,"",43.2,"","13","",0,"",0,17,0
"251190050","PUCZNIEW","2020","11",14.8,"",8.0,"",-3.6,"",3.3,"",5.4,"",-5.8,"",13.7,"",3.7,"","04","",0,"",0,12,1
"251190050","PUCZNIEW","2020","12",13.1,"",4.5,"",-4.9,"",.2,"",2.1,"",-6.7,"",20.7,"",4.9,"","22","",0,"",0,9,3
"251200030","SKIERNIEWICE","2020","01",11.3,"",5.3,"",-5.4,"",-.7,"",2.2,"",-8.0,"",28.6,"",9.5,"","29","",0,"",0,8,1
"251200030","SKIERNIEWICE","2020","02",14.4,"",7.7,"",-6.0,"",.5,"",3.9,"",-8.2,"",53.8,"",12.5,"","23","",0,"",0,18,2
"251200030","SKIERNIEWICE","2020","03",17.1,"",10.3,"",-9.6,"",-1.0,"",4.3,"",-12.1,"",15.1,"",3.4,"","02","",0,"",0,8,2
"251200030","SKIERNIEWICE","2020","04",24.4,"",15.9,"",-5.5,"",.7,"",8.4,"",-8.0,"",8.6,"",7.3,"","29","",0,"",0,2,0
"251200030","SKIERNIEWICE","2020","05",25.0,"",17.3,"",-.3,"",5.0,"",11.4,"",-1.5,"",77.5,"",22.1,"","30","",0,"",0,16,0
"251200030","SKIERNIEWICE","2020","06",30.1,"",23.7,"",4.9,"",12.2,"",18.2,"",3.3,"",97.7,"",19.1,"","21","",0,"",0,15,0
"251200030","SKIERNIEWICE","2020","07",31.8,"",25.0,"",6.8,"",11.7,"",18.8,"",6.4,"",74.3,"",29.2,"","10","",0,"",0,10,0
"251200030","SKIERNIEWICE","2020","08",32.7,"",25.9,"",8.1,"",12.3,"",19.3,"",7.3,"",118.9,"",31.0,"","30","",0,"",0,12,0
"251200030","SKIERNIEWICE","2020","09",29.5,"",21.6,"",2.0,"",8.6,"",14.7,"",-.3,"",72.5,"",24.5,"","26","",0,"",0,8,0
"251200030","SKIERNIEWICE","2020","10",22.2,"",14.0,"",.6,"",6.3,"",10.0,"",-3.3,"",88.0,"",39.5,"","13","",0,"",0,18,0
"251200030","SKIERNIEWICE","2020","11",15.9,"",8.4,"",-3.9,"",2.6,"",5.5,"",-7.9,"",11.8,"",3.7,"","28","",0,"",0,7,1
"251200030","SKIERNIEWICE","2020","12",10.8,"",4.4,"",-5.7,"",-1.2,"",1.8,"",-8.0,"",26.5,"",8.9,"","22","",3,"",1,8,1
"251210040","JARCZEW","2020","01",8.8,"",4.6,"",-4.8,"",-.5,"",1.6,"",-7.5,"",25.7,"",5.6,"","31","",1,"",1,8,4
"251210040","JARCZEW","2020","02",13.3,"",6.7,"",-3.8,"",.5,"",3.1,"",-9.0,"",47.5,"",9.2,"","23","",0,"",0,13,8
"251210040","JARCZEW","2020","03",16.3,"",9.6,"",-7.5,"",-.5,"",3.9,"",-12.6,"",19.0,"",6.0,"","02","",0,"",0,11,0
"251210040","JARCZEW","2020","04",23.1,"",15.0,"",-7.0,"",.9,"",7.9,"",-10.2,"",6.1,"",6.1,"","29","",0,"",0,1,0
"251210040","JARCZEW","2020","05",24.8,"",17.1,"",.7,"",5.5,"",11.4,"",-4.2,"",85.3,"",19.8,"","30","",0,"",0,14,1
"251210040","JARCZEW","2020","06",30.0,"",23.8,"",4.1,"",13.2,"",18.4,"",.5,"",155.0,"",38.8,"","29","",0,"",0,17,0
"251210040","JARCZEW","2020","07",29.3,"",24.1,"",7.5,"",11.9,"",18.3,"",5.6,"",65.7,"",27.6,"","02","",0,"",0,15,0
"251210040","JARCZEW","2020","08",31.3,"",25.9,"",7.6,"",12.8,"",19.3,"",4.6,"",35.5,"",8.1,"","22","",0,"",0,11,0
"251210040","JARCZEW","2020","09",28.3,"",21.1,"",1.7,"",8.7,"",14.4,"",-.5,"",94.1,"",50.7,"","26","",0,"",0,12,0
"251210040","JARCZEW","2020","10",23.8,"",14.5,"",.0,"",6.8,"",10.2,"",-2.0,"",84.7,"",34.4,"","13","",0,"",0,15,0
"251210040","JARCZEW","2020","11",16.1,"",7.8,"",-4.5,"",2.2,"",4.9,"",-6.0,"",10.7,"",3.9,"","04","",2,"",1,13,1
"251210040","JARCZEW","2020","12",9.3,"",3.5,"",-4.8,"",-.4,"",1.3,"",-6.5,"",27.7,"",8.6,"","22","",0,"",0,7,2
"251210120","PU£AWY","2020","01",8.7,"",4.6,"",-4.6,"",-.5,"",1.7,"",-8.1,"",27.1,"",7.4,"","29","",0,"",0,6,5
"251210120","PU£AWY","2020","02",11.9,"",6.8,"",-5.4,"",.7,"",3.4,"",-9.1,"",55.6,"",11.5,"","04","23",0,"",0,13,3
"251210120","PU£AWY","2020","03",17.7,"",10.4,"",-6.9,"",.2,"",4.7,"",-10.8,"",16.7,"",6.0,"","02","",2,"",1,7,3
"251210120","PU£AWY","2020","04",24.0,"",15.9,"",-5.1,"",1.8,"",8.9,"",-10.0,"",14.4,"",8.4,"","29","",0,"",0,2,0
"251210120","PU£AWY","2020","05",26.3,"",17.5,"",1.1,"",6.4,"",11.9,"",-2.0,"",93.9,"",28.5,"","30","",0,"",0,14,0
"251210120","PU£AWY","2020","06",30.4,"",24.4,"",6.2,"",14.3,"",19.1,"",4.5,"",159.0,"",36.4,"","22","",0,"",0,20,0
"251210120","PU£AWY","2020","07",29.8,"",25.1,"",8.8,"",13.5,"",19.3,"",5.8,"",31.9,"",15.1,"","06","",0,"",0,8,0
"251210120","PU£AWY","2020","08",31.9,"",26.8,"",10.7,"",14.7,"",20.3,"",7.0,"",95.5,"",39.0,"","18","",0,"",0,12,0
"251210120","PU£AWY","2020","09",28.4,"",21.5,"",4.0,"",9.9,"",14.9,"",.2,"",102.4,"",38.0,"","26","",0,"",0,12,0
"251210120","PU£AWY","2020","10",24.3,"",14.7,"",1.2,"",7.5,"",10.4,"",-4.0,"",89.7,"",26.3,"","13","",0,"",0,19,0
"251210120","PU£AWY","2020","11",16.2,"",7.9,"",-4.5,"",2.8,"",5.1,"",-7.8,"",14.3,"",5.7,"","04","",3,"",1,11,2
"251210120","PU£AWY","2020","12",10.3,"",3.9,"",-5.2,"",-.5,"",1.7,"",-10.6,"",19.0,"",5.5,"","22","",0,"",0,6,2
"252150120","GORZYÑ","2020","01",13.3,"",6.8,"",-3.6,"",1.5,"",3.7,"",-7.0,"",46.5,"",12.1,"","28","",0,"",0,16,0
"252150120","GORZYÑ","2020","02",13.4,"",8.2,"",-2.0,"",2.8,"",5.1,"",-5.7,"",78.8,"",13.4,"","23","",0,"",0,21,1
"252150120","GORZYÑ","2020","03",17.3,"",10.6,"",-7.1,"",.5,"",4.6,"",-11.3,"",31.3,"",9.6,"","10","",0,"",0,10,1
"252150120","GORZYÑ","2020","04",24.4,"",16.5,"",-2.5,"",2.6,"",9.1,"",-7.2,"",7.5,"",2.7,"","12","",0,"",0,6,0
"252150120","GORZYÑ","2020","05",24.8,"",17.8,"",-.7,"",6.4,"",12.0,"",-4.6,"",50.3,"",14.6,"","11","",0,"",0,13,0
"252150120","GORZYÑ","2020","06",32.3,"",24.4,"",6.0,"",13.0,"",18.8,"",.2,"",34.1,"",16.5,"","18","",0,"",0,12,0
"252150120","GORZYÑ","2020","07",30.7,"",24.6,"",8.6,"",14.1,"",19.1,"",6.0,"",71.6,"",16.7,"","01","",0,"",0,13,0
"252150120","GORZYÑ","2020","08",34.3,"",27.0,"",9.3,"",14.9,"",20.5,"",5.8,"",71.9,"",18.7,"","30","",0,"",0,13,0
"252150120","GORZYÑ","2020","09",30.9,"",21.6,"",3.8,"",11.1,"",15.3,"",-2.1,"",47.8,"",15.4,"","26","",0,"",0,11,0
"252150120","GORZYÑ","2020","10",22.2,"",14.5,"",3.0,"",8.5,"",10.9,"",-1.5,"",69.8,"",27.4,"","13","",0,"",0,14,0
"252150120","GORZYÑ","2020","11",16.8,"",9.7,"",-2.3,"",4.9,"",6.8,"",-7.7,"",13.3,"",2.8,"","02","",0,"",0,11,0
"252150120","GORZYÑ","2020","12",12.3,"",5.9,"",-4.4,"",.4,"",2.7,"",-7.7,"",21.4,"",6.5,"","22","",0,"",0,10,2
"252150270","BABIMOST","2020","01",11.1,"",6.4,"",-7.0,"",-.7,"",2.7,"",.0,"8",27.8,"",6.2,"","30","",0,"",0,10,0
"252150270","BABIMOST","2020","02",15.6,"",8.8,"",-3.7,"",1.8,"",5.0,"",.0,"8",76.2,"",20.4,"","23","",0,"",0,16,2
"252150270","BABIMOST","2020","03",18.3,"",10.5,"",-9.2,"",-.9,"",4.1,"",.0,"8",27.1,"",8.8,"","10","",0,"",0,9,1
"252150270","BABIMOST","2020","04",24.8,"",17.4,"",-7.0,"",.4,"",9.0,"",.0,"8",2.2,"",1.0,"","25","30",0,"",0,3,0
"252150270","BABIMOST","2020","05",25.2,"",18.4,"",-1.5,"",5.0,"",12.1,"",.0,"8",.0,"8",.0,"8","11","",0,"",0,0,0
"252150270","BABIMOST","2020","06",33.7,"",24.8,"",6.3,"",12.5,"",18.9,"",.0,"8",40.4,"",15.2,"","28","",0,"",0,14,0
"252150270","BABIMOST","2020","07",31.7,"",25.3,"",6.4,"",12.0,"",19.0,"",.0,"8",58.3,"",13.7,"","16","",0,"",0,12,1
"252150270","BABIMOST","2020","08",34.2,"",26.9,"",8.4,"",13.9,"",20.3,"",.0,"8",68.2,"",21.7,"","30","",0,"",0,14,0
"252150270","BABIMOST","2020","09",31.0,"",21.8,"",.6,"",8.6,"",14.5,"",.0,"8",40.8,"",29.5,"","26","",0,"",0,7,0
"252150270","BABIMOST","2020","10",23.1,"",14.5,"",.0,"",6.9,"",10.3,"",.0,"8",57.2,"",28.7,"","13","",0,"",0,16,0
"252150270","BABIMOST","2020","11",17.0,"",9.2,"",-6.1,"",2.7,"",5.6,"",.0,"8",11.5,"",3.5,"","02","",0,"",0,7,1
"252150270","BABIMOST","2020","12",12.6,"",5.5,"",-5.8,"",-1.2,"",1.9,"",.0,"8",18.2,"",7.8,"","23","",1,"",1,6,1
"252160230","WIELICHOWO","2020","01",11.5,"",6.1,"",-5.3,"",-.3,"",2.7,"",-8.0,"",30.5,"",7.9,"","30","",0,"",0,16,0
"252160230","WIELICHOWO","2020","02",14.2,"",8.7,"",-3.3,"",1.9,"",5.0,"",-5.4,"",75.6,"",22.0,"","23","",0,"",0,19,2
"252160230","WIELICHOWO","2020","03",18.0,"",10.5,"",-5.8,"",-.3,"",4.5,"",-9.5,"",28.4,"",7.2,"","10","",4,"",1,11,1
"252160230","WIELICHOWO","2020","04",24.7,"",17.1,"",-6.1,"",.7,"",9.0,"",-8.0,"",3.6,"",1.5,"","30","",0,"",0,3,0
"252160230","WIELICHOWO","2020","05",24.2,"",17.8,"",-.9,"",4.8,"",11.7,"",-2.8,"",52.5,"",16.3,"","11","",0,"",0,13,0
"252160230","WIELICHOWO","2020","06",32.3,"",23.6,"",6.8,"",12.3,"",18.2,"",4.3,"",55.6,"",20.7,"","05","",0,"",0,15,0
"252160230","WIELICHOWO","2020","07",32.2,"",25.9,"",5.0,"",11.3,"",18.9,"",3.1,"",48.1,"",14.2,"","01","",0,"",0,17,0
"252160230","WIELICHOWO","2020","08",33.8,"",27.1,"",7.4,"",14.2,"",20.4,"",5.4,"",64.4,"",20.5,"","30","",0,"",0,15,0
"252160230","WIELICHOWO","2020","09",31.8,"",22.2,"",-.6,"",8.9,"",14.8,"",-2.6,"",34.8,"",13.1,"","25","",0,"",0,8,0
"252160230","WIELICHOWO","2020","10",23.7,"",14.6,"",-.3,"",7.5,"",10.6,"",-1.0,"",64.6,"",29.2,"","13","",0,"",0,19,0
"252160230","WIELICHOWO","2020","11",16.1,"",9.2,"",-6.3,"",2.7,"",5.7,"",-7.7,"",12.4,"",3.9,"","02","16",0,"",0,13,0
"252160230","WIELICHOWO","2020","12",13.2,"",5.4,"",-5.3,"",-.8,"",2.2,"",-10.1,"",20.8,"",6.5,"","22","",3,"",1,12,1
"252170210","KÓRNIK","2020","01",11.8,"",6.0,"",-4.1,"",.5,"",3.0,"",-7.7,"",37.6,"",5.9,"","30","",0,"",0,18,0
"252170210","KÓRNIK","2020","02",13.0,"",8.3,"",-4.1,"",2.0,"",4.7,"",-6.8,"",73.5,"",16.3,"","23","",0,"",0,20,2
"252170210","KÓRNIK","2020","03",17.9,"",10.5,"",-7.8,"",.6,"",4.6,"",-12.1,"",25.2,"",7.8,"","10","",0,"",0,10,2
"252170210","KÓRNIK","2020","04",25.1,"",17.1,"",-3.7,"",1.4,"",9.2,"",-7.8,"",2.3,"",1.8,"","30","",0,"",0,2,0
"252180080","KO£UDA WIELKA","2020","01",9.8,"",5.6,"",-2.0,"",.7,"",2.8,"",-5.0,"",36.7,"",7.5,"","29","",0,"",0,20,0
"252180080","KO£UDA WIELKA","2020","02",12.6,"",7.9,"",-3.6,"",1.4,"",4.2,"",-5.4,"",49.6,"",8.3,"","23","",0,"",0,19,3
"252180080","KO£UDA WIELKA","2020","03",17.7,"",10.2,"",-7.2,"",.5,"",4.4,"",-8.9,"",25.7,"",4.3,"","02","10",0,"",0,13,1
"252180080","KO£UDA WIELKA","2020","04",24.8,"",16.5,"",-3.9,"",2.0,"",8.5,"",-6.9,"",.7,"",.4,"","13","",0,"",0,3,0
"252180080","KO£UDA WIELKA","2020","05",24.3,"",17.5,"",1.0,"",5.8,"",11.1,"",-2.2,"",34.1,"",14.4,"","11","",0,"",0,15,0
"252180080","KO£UDA WIELKA","2020","06",29.8,"",23.6,"",4.8,"",12.8,"",17.7,"",3.0,"",187.4,"",68.0,"","18","",0,"",0,19,0
"252180080","KO£UDA WIELKA","2020","07",30.5,"",24.6,"",8.7,"",12.8,"",18.0,"",6.9,"",60.6,"",33.0,"","01","",0,"",0,15,0
"252180080","KO£UDA WIELKA","2020","08",32.8,"",26.4,"",9.6,"",14.0,"",19.5,"",7.4,"",74.4,"",21.0,"","03","",0,"",0,12,0
"252180080","KO£UDA WIELKA","2020","09",28.9,"",21.2,"",4.5,"",9.9,"",14.4,"",2.0,"",83.0,"",20.9,"","25","",0,"",0,12,0
"252180080","KO£UDA WIELKA","2020","10",21.7,"",14.2,"",1.5,"",7.7,"",10.3,"",-.7,"",63.3,"",26.5,"","13","",0,"",0,20,0
"252180080","KO£UDA WIELKA","2020","11",16.6,"",8.4,"",-1.8,"",3.8,"",5.9,"",-3.5,"",13.3,"",3.1,"","16","",0,"",0,15,1
"252180080","KO£UDA WIELKA","2020","12",11.0,"",4.4,"",-3.7,"",.0,"",1.9,"",-3.9,"",24.0,"",7.8,"","22","",0,"",0,12,2
"252200120","LEGIONOWO","2020","01",10.6,"",5.0,"",-4.0,"",.3,"",2.4,"",-5.5,"",34.5,"",8.3,"","30","",0,"",0,11,2
"252200120","LEGIONOWO","2020","02",13.5,"",7.4,"",-3.4,"",1.0,"",3.7,"",-4.8,"",49.9,"",10.7,"","23","",1,"",1,13,6
"252200120","LEGIONOWO","2020","03",17.7,"",10.0,"",-8.3,"",-.1,"",4.3,"",-8.8,"",11.7,"",4.2,"","10","",0,"",0,8,2
"252200120","LEGIONOWO","2020","04",24.5,"",15.9,"",-4.4,"",2.1,"",8.9,"",-7.0,"",5.5,"",4.3,"","29","",0,"",0,5,0
"252200120","LEGIONOWO","2020","05",25.1,"",17.5,"",.9,"",6.3,"",12.0,"",-1.1,"",64.9,"",17.6,"","11","",0,"",0,12,1
"252200120","LEGIONOWO","2020","06",30.8,"",24.7,"",5.4,"",14.3,"",19.4,"",4.2,"",155.6,"",32.3,"","18","",0,"",0,19,0
"252200120","LEGIONOWO","2020","07",31.2,"",25.2,"",8.9,"",13.8,"",19.6,"",7.4,"",56.6,"",20.5,"","01","",0,"",0,9,0
"252200120","LEGIONOWO","2020","08",33.1,"",26.3,"",10.2,"",14.5,"",20.2,"",8.7,"",151.7,"",49.4,"","30","",0,"",0,12,0
"252200120","LEGIONOWO","2020","09",28.8,"",21.7,"",3.5,"",10.3,"",15.1,"",2.0,"",71.3,"",30.7,"","05","",0,"",0,10,0
"252200120","LEGIONOWO","2020","10",24.1,"",14.2,"",.7,"",7.9,"",10.4,"",-1.0,"",84.1,"",30.0,"","13","",0,"",0,16,0
"252200120","LEGIONOWO","2020","11",15.3,"",8.2,"",-2.6,"",3.8,"",5.7,"",-4.7,"",9.6,"",1.5,"","28","",0,"",0,13,3
"252200120","LEGIONOWO","2020","12",12.0,"",4.1,"",-5.8,"",.1,"",1.9,"",-7.2,"",32.5,"",9.1,"","22","",2,"",1,11,2
"252200150","WARSZAWA-BIELANY","2020","01",10.2,"",5.4,"",-2.9,"",.9,"",2.9,"",-7.5,"",39.4,"",13.7,"","29","",0,"",0,13,1
"252200150","WARSZAWA-BIELANY","2020","02",14.4,"",7.9,"",-2.3,"",1.6,"",4.3,"",-7.2,"",56.9,"",11.0,"","23","",1,"",1,16,5
"252200150","WARSZAWA-BIELANY","2020","03",17.9,"",10.3,"",-6.3,"",1.1,"",5.1,"",-9.9,"",12.9,"",5.2,"","10","",0,"",0,9,0
"252200150","WARSZAWA-BIELANY","2020","04",24.2,"",16.1,"",-3.4,"",3.4,"",9.6,"",-7.7,"",9.2,"",7.0,"","29","",0,"",0,2,0
"252200150","WARSZAWA-BIELANY","2020","05",25.1,"",17.5,"",1.0,"",6.8,"",12.1,"",-1.0,"",70.3,"",14.9,"","01","",0,"",0,14,1
"252200150","WARSZAWA-BIELANY","2020","06",31.0,"",24.3,"",6.5,"",14.2,"",19.1,"",2.9,"",194.1,"",48.5,"","29","",0,"",0,20,0
"252200150","WARSZAWA-BIELANY","2020","07",31.0,"",25.2,"",10.5,"",14.3,"",19.6,"",7.4,"",31.1,"",13.0,"","10","",0,"",0,10,0
"252200150","WARSZAWA-BIELANY","2020","08",33.1,"",26.2,"",11.5,"",15.2,"",20.2,"",7.4,"",127.7,"",38.6,"","30","",0,"",0,11,0
"252200150","WARSZAWA-BIELANY","2020","09",28.5,"",21.7,"",5.8,"",10.9,"",15.5,"",1.6,"",67.5,"",24.6,"","26","",0,"",0,11,0
"252200150","WARSZAWA-BIELANY","2020","10",23.8,"",14.3,"",2.8,"",8.2,"",10.8,"",-1.5,"",84.0,"",32.8,"","13","",0,"",0,14,0
"252200150","WARSZAWA-BIELANY","2020","11",16.1,"",8.6,"",-2.4,"",4.1,"",6.1,"",-7.5,"",10.2,"",2.3,"","04","",0,"",0,14,2
"252200150","WARSZAWA-BIELANY","2020","12",11.6,"",4.6,"",-4.0,"",.4,"",2.3,"",-6.1,"",35.7,"",10.0,"","22","",1,"",1,8,1
"252200230","WARSZAWA-FILTRY","2020","01",9.8,"",5.2,"",-3.0,"",.8,"",2.7,"",-6.3,"",37.8,"",14.1,"","29","",0,"",0,12,1
"252200230","WARSZAWA-FILTRY","2020","02",14.4,"",7.7,"",-2.6,"",1.5,"",4.2,"",-5.5,"",53.3,"",10.2,"","23","",1,"",1,16,6
"252200230","WARSZAWA-FILTRY","2020","03",18.8,"",10.7,"",-5.2,"",1.5,"",5.4,"",-8.1,"",13.8,"",4.2,"","02","10",0,"",0,10,2
"252200230","WARSZAWA-FILTRY","2020","04",25.1,"",16.5,"",-2.2,"",4.1,"",10.0,"",-5.2,"",6.9,"",6.3,"","29","",0,"",0,2,0
"252200230","WARSZAWA-FILTRY","2020","05",26.5,"",18.3,"",1.3,"",7.5,"",12.8,"",.9,"",73.8,"",16.8,"","01","",0,"",0,13,1
"252200230","WARSZAWA-FILTRY","2020","06",32.1,"",25.5,"",7.7,"",15.0,"",20.0,"",4.2,"",200.2,"",54.5,"","29","",0,"",0,19,0
"252200230","WARSZAWA-FILTRY","2020","07",31.0,"",26.0,"",10.6,"",14.9,"",20.3,"",8.3,"",41.2,"",13.5,"","10","",0,"",0,12,0
"252200230","WARSZAWA-FILTRY","2020","08",34.0,"",27.1,"",13.2,"",16.2,"",21.3,"",10.2,"",108.1,"",36.4,"","30","",0,"",0,12,0
"252200230","WARSZAWA-FILTRY","2020","09",29.4,"",22.4,"",6.1,"",11.3,"",16.0,"",3.5,"",66.6,"",24.0,"","05","",0,"",0,8,0
"252200230","WARSZAWA-FILTRY","2020","10",24.5,"",14.7,"",2.0,"",8.3,"",10.8,"",-.6,"",79.9,"",33.1,"","13","",0,"",0,14,0
"252200230","WARSZAWA-FILTRY","2020","11",15.9,"",8.4,"",-3.0,"",4.2,"",6.0,"",-5.9,"",13.9,"",3.0,"","04","",0,"",0,14,1
"252200230","WARSZAWA-FILTRY","2020","12",11.3,"",4.2,"",-4.2,"",.3,"",2.1,"",-5.7,"",26.9,"",9.5,"","22","",0,"",0,10,1
"252210050","PU£TUSK","2020","01",10.0,"",4.4,"",-6.0,"",-.8,"",1.8,"",-7.9,"",35.1,"",7.0,"","30","",0,"",0,11,2
"252210050","PU£TUSK","2020","02",12.5,"",6.5,"",-6.0,"",.2,"",3.0,"",-6.9,"",52.0,"",9.6,"","23","",0,"",0,12,5
"252210050","PU£TUSK","2020","03",17.3,"",9.5,"",-8.9,"",-1.5,"",3.6,"",-10.9,"",21.8,"",5.4,"","12","",0,"",0,8,2
"252210050","PU£TUSK","2020","04",24.3,"",15.5,"",-6.0,"",.1,"",7.9,"",-8.4,"",4.6,"",2.5,"","29","",0,"",0,3,0
"252210050","PU£TUSK","2020","05",23.8,"",17.2,"",.4,"",4.6,"",11.2,"",-1.5,"",77.7,"",29.3,"","11","",0,"",0,9,1
"252210050","PU£TUSK","2020","06",30.3,"",24.5,"",3.4,"",12.9,"",18.8,"",2.4,"",136.4,"",27.0,"","19","",0,"",0,16,0
"252210050","PU£TUSK","2020","07",28.8,"",24.7,"",6.9,"",11.3,"",18.4,"",5.7,"",43.4,"",17.0,"","10","",0,"",0,9,0
"252210050","PU£TUSK","2020","08",32.8,"",26.0,"",6.9,"",12.0,"",19.0,"",6.2,"",94.2,"",26.0,"","04","",0,"",0,11,0
"252210050","PU£TUSK","2020","09",27.7,"",21.6,"",1.9,"",8.0,"",14.3,"",.9,"",59.5,"",30.8,"","26","",0,"",0,8,0
"252210050","PU£TUSK","2020","10",24.2,"",14.0,"",-1.6,"",6.5,"",10.0,"",-2.0,"",78.3,"",31.5,"","13","",0,"",0,15,0
"252210050","PU£TUSK","2020","11",14.7,"",8.0,"",-3.0,"",2.3,"",5.1,"",-6.9,"",13.2,"",2.3,"","04","",0,"",0,14,2
"252210050","PU£TUSK","2020","12",10.3,"",3.4,"",-6.5,"",-1.1,"",1.2,"",-6.4,"",27.8,"",8.8,"","22","",2,"",1,8,1
"252210170","WARSZAWA-OBSERWATORIUM II","2020","01",8.9,"",4.8,"",-3.6,"",.7,"",2.5,"",.0,"8",.0,"8",.0,"8","23","",0,"",0,0,0
"252210170","WARSZAWA-OBSERWATORIUM II","2020","02",13.8,"",7.2,"",-2.8,"",1.3,"",3.8,"",.0,"8",.0,"8",.0,"8","23","",0,"",0,0,0
"252210170","WARSZAWA-OBSERWATORIUM II","2020","03",17.7,"",9.8,"",-4.9,"",.9,"",4.6,"",.0,"8",.0,"8",.0,"8","23","",0,"",0,0,0
"252210170","WARSZAWA-OBSERWATORIUM II","2020","04",23.9,"",15.9,"",-2.5,"",3.7,"",9.4,"",.0,"8",.0,"8",.0,"8","23","",0,"",0,0,0
"252210170","WARSZAWA-OBSERWATORIUM II","2020","05",24.9,"",17.3,"",1.3,"",7.5,"",12.1,"",.0,"8",.0,"8",.0,"8","23","",0,"",0,0,0
"252210170","WARSZAWA-OBSERWATORIUM II","2020","06",30.8,"",23.9,"",8.1,"",14.6,"",18.8,"",.0,"8",.0,"8",.0,"8","23","",0,"",0,0,0
"252210170","WARSZAWA-OBSERWATORIUM II","2020","07",29.9,"",24.7,"",11.5,"",14.7,"",19.2,"",.0,"8",.0,"8",.0,"8","23","",0,"",0,0,0
"252210170","WARSZAWA-OBSERWATORIUM II","2020","08",32.4,"",25.8,"",13.0,"",15.5,"",19.9,"",.0,"8",.0,"8",.0,"8","23","",0,"",0,0,0
"252210170","WARSZAWA-OBSERWATORIUM II","2020","09",27.9,"",20.9,"",5.5,"",11.1,"",15.1,"",.0,"8",.0,"8",.0,"8","23","",0,"",0,0,0
"252210170","WARSZAWA-OBSERWATORIUM II","2020","10",22.7,"",13.4,"",2.6,"",8.2,"",10.3,"",.0,"8",.0,"8",.0,"8","23","",0,"",0,0,0
"252210170","WARSZAWA-OBSERWATORIUM II","2020","11",15.6,"",7.9,"",-2.5,"",4.1,"",5.7,"",.0,"8",.0,"8",.0,"8","23","",0,"",0,0,0
"252210170","WARSZAWA-OBSERWATORIUM II","2020","12",10.8,"",3.8,"",-4.6,"",.1,"",1.8,"",.0,"8",.0,"8",.0,"8","23","",0,"",0,0,0
"252220030","SZEPIETOWO","2020","01",7.5,"",3.8,"",-3.5,"",.1,"",1.7,"",-7.0,"",28.3,"",5.0,"","31","",2,"",2,14,3
"252220030","SZEPIETOWO","2020","02",13.0,"",5.8,"",-5.5,"",.3,"",2.6,"",-8.0,"",42.1,"",8.5,"","10","",0,"",0,11,6
"252220030","SZEPIETOWO","2020","03",16.7,"",9.4,"",-8.0,"",-.8,"",3.9,"",-12.5,"",18.4,"",5.0,"","12","",0,"",0,12,1
"252220030","SZEPIETOWO","2020","04",22.6,"",14.8,"",-5.0,"",.8,"",7.7,"",-9.0,"",7.2,"",5.2,"","29","",0,"",0,4,0
"252220030","SZEPIETOWO","2020","05",24.7,"",16.5,"",.0,"",5.6,"",11.1,"",-3.6,"",66.9,"",13.1,"","30","",0,"",0,14,2
"252220030","SZEPIETOWO","2020","06",28.8,"",24.0,"",5.4,"",13.1,"",18.5,"",1.9,"",136.3,"",25.6,"","29","",0,"",0,16,0
"252220030","SZEPIETOWO","2020","07",28.8,"",23.8,"",7.4,"",12.0,"",18.2,"",4.8,"",39.1,"",13.4,"","16","",0,"",0,12,0
"252220030","SZEPIETOWO","2020","08",31.3,"",25.3,"",8.3,"",13.1,"",19.3,"",4.8,"",113.4,"",30.8,"","30","",0,"",0,11,0
"252220030","SZEPIETOWO","2020","09",27.3,"",21.1,"",4.4,"",9.5,"",14.7,"",.5,"",33.6,"",16.4,"","05","",0,"",0,9,0
"252220030","SZEPIETOWO","2020","10",22.6,"",13.6,"",.9,"",7.5,"",10.1,"",-2.0,"",72.7,"",26.0,"","13","",0,"",0,19,0
"252220030","SZEPIETOWO","2020","11",15.7,"",7.7,"",-3.0,"",3.1,"",5.0,"",-5.5,"",16.6,"",2.2,"","04","16",0,"",0,18,3
"252220030","SZEPIETOWO","2020","12",8.6,"",2.7,"",-5.5,"",-.7,"",.8,"",-8.0,"",31.9,"",9.7,"","22","",3,"",4,9,6
"252230120","BIA£OWIE¯A","2020","01",8.3,"",3.3,"",-4.1,"",-.5,"",1.3,"",-10.1,"",36.4,"",11.5,"","31","",5,"",5,13,7
"252230120","BIA£OWIE¯A","2020","02",13.0,"",5.4,"",-7.6,"",-.6,"",2.0,"",-9.0,"",41.0,"",8.3,"","01","",0,"",0,13,6
"252230120","BIA£OWIE¯A","2020","03",17.1,"",9.1,"",-10.0,"",-1.8,"",2.8,"",-10.7,"",30.2,"",8.0,"","04","",0,"",0,12,2
"252230120","BIA£OWIE¯A","2020","04",21.5,"",13.7,"",-5.7,"",-.6,"",6.8,"",-7.7,"",14.4,"",8.3,"","29","",0,"",0,4,0
"252230120","BIA£OWIE¯A","2020","05",25.0,"",16.5,"",-1.3,"",4.7,"",10.9,"",-4.0,"",68.9,"",21.0,"","30","",0,"",0,16,2
"252230120","BIA£OWIE¯A","2020","06",30.0,"",24.4,"",3.1,"",13.2,"",19.0,"",.9,"",115.7,"",36.0,"","10","",0,"",0,20,0
"252230120","BIA£OWIE¯A","2020","07",28.8,"",24.1,"",6.4,"",11.5,"",18.1,"",5.0,"",35.0,"",8.0,"","06","",0,"",0,15,0
"252230120","BIA£OWIE¯A","2020","08",30.5,"",25.2,"",6.8,"",12.8,"",18.7,"",4.5,"",80.3,"",17.5,"","18","",0,"",0,16,0
"252230120","BIA£OWIE¯A","2020","09",27.6,"",20.7,"",1.3,"",8.6,"",13.7,"",.1,"",39.2,"",15.8,"","05","",0,"",0,12,0
"252230120","BIA£OWIE¯A","2020","10",.0,"8",.0,"8",.0,"8",.0,"8",.0,"8",.0,"8",.0,"8",.0,"8","","",0,"8",0,0,0
"252230120","BIA£OWIE¯A","2020","11",12.0,"",6.9,"",-3.5,"",2.7,"",4.6,"",-6.0,"",28.9,"",4.5,"","29","",5,"",2,17,4
"252230120","BIA£OWIE¯A","2020","12",8.4,"",2.2,"",-8.0,"",-1.2,"",.4,"",-10.7,"",32.1,"",11.0,"","22","",5,"",10,11,6
"253140060","GOLENIÓW","2020","01",13.4,"",6.2,"",-3.5,"",1.6,"",3.9,"",.0,"8",35.3,"",10.4,"","28","",0,"",0,13,1
"253140060","GOLENIÓW","2020","02",16.3,"",8.0,"",-3.0,"",2.6,"",5.0,"",.0,"8",46.8,"",10.8,"","23","",0,"",0,19,4
"253140060","GOLENIÓW","2020","03",19.9,"",9.5,"",-8.8,"",-.4,"",4.0,"",.0,"8",25.4,"",7.2,"","10","",0,"",0,10,2
"253140060","GOLENIÓW","2020","04",21.2,"",15.4,"",-3.9,"",1.5,"",8.4,"",.0,"8",11.4,"",3.9,"","28","",0,"",0,5,2
"253140060","GOLENIÓW","2020","05",25.0,"",16.5,"",-1.2,"",5.5,"",11.2,"",.0,"8",40.1,"",11.1,"","24","",0,"",0,15,0
"253140060","GOLENIÓW","2020","06",31.1,"",23.3,"",5.3,"",11.8,"",17.7,"",.0,"8",16.0,"",4.6,"","18","",0,"",0,12,0
"253140060","GOLENIÓW","2020","07",30.1,"",23.1,"",7.2,"",12.1,"",17.7,"",.0,"8",25.3,"",7.7,"","09","",0,"",0,14,0
"253140060","GOLENIÓW","2020","08",35.0,"",26.9,"",6.0,"",13.6,"",20.2,"",.0,"8",49.4,"",21.0,"","26","",0,"",0,14,0
"253140060","GOLENIÓW","2020","09",29.4,"",21.0,"",-.4,"",8.8,"",14.0,"",.0,"8",58.6,"",21.0,"","02","",0,"",0,9,0
"253140060","GOLENIÓW","2020","10",20.2,"",13.8,"",.8,"",7.4,"",10.2,"",.0,"8",45.5,"",10.2,"","14","",0,"",0,18,0
"253140060","GOLENIÓW","2020","11",18.4,"",9.2,"",-2.4,"",4.2,"",6.4,"",.0,"8",7.5,"",1.7,"","17","",0,"",0,10,0
"253140060","GOLENIÓW","2020","12",11.4,"",4.7,"",-2.5,"",.5,"",2.4,"",.0,"8",37.6,"",17.0,"","23","",0,"",0,7,0
"253170210","CHRZ¥STOWO","2020","01",10.1,"",5.2,"",-2.8,"",.5,"",2.6,"",-8.6,"",32.1,"",5.0,"","29","",0,"",0,18,2
"253170210","CHRZ¥STOWO","2020","02",11.9,"",7.1,"",-4.2,"",1.1,"",3.7,"",-6.1,"",42.1,"",8.3,"","01","",0,"",0,18,7
"253170210","CHRZ¥STOWO","2020","03",16.3,"",9.3,"",-5.8,"",.2,"",4.0,"",-10.7,"",28.6,"",6.4,"","10","",0,"",0,10,2
"253170210","CHRZ¥STOWO","2020","04",22.8,"",15.4,"",-5.6,"",1.1,"",8.0,"",-12.0,"",4.0,"",3.0,"","30","",0,"",0,3,0
"253170210","CHRZ¥STOWO","2020","05",22.9,"",16.3,"",-.5,"",5.4,"",10.8,"",-5.5,"",44.7,"",9.2,"","11","",0,"",0,16,0
"253170210","CHRZ¥STOWO","2020","06",30.2,"",22.7,"",5.0,"",13.0,"",17.7,"",.2,"",165.4,"",24.1,"","07","",0,"",0,19,0
"253170210","CHRZ¥STOWO","2020","07",31.3,"",24.2,"",8.1,"",12.7,"",18.2,"",3.4,"",57.4,"",13.5,"","16","",0,"",0,14,0
"253170210","CHRZ¥STOWO","2020","08",32.2,"",25.7,"",8.7,"",14.5,"",19.7,"",5.4,"",104.7,"",31.6,"","03","",0,"",0,13,0
"253170210","CHRZ¥STOWO","2020","09",28.7,"",20.4,"",5.1,"",10.1,"",14.5,"",.3,"",55.4,"",14.6,"","26","",0,"",0,12,0
"253170210","CHRZ¥STOWO","2020","10",20.7,"",13.8,"",.9,"",7.6,"",10.1,"",-4.1,"",70.2,"",17.8,"","23","",0,"",0,18,0
"253170210","CHRZ¥STOWO","2020","11",15.1,"",8.3,"",-2.6,"",3.5,"",5.7,"",-7.7,"",12.2,"",4.2,"","19","",0,"",0,15,1
"253170210","CHRZ¥STOWO","2020","12",10.2,"",3.9,"",-3.9,"",-.4,"",1.6,"",-6.5,"",35.9,"",16.0,"","22","",2,"",1,12,3
"253220070","BIEBRZA-PIEÑCZYKÓWEK","2020","01",9.0,"",4.4,"",-7.9,"",-1.3,"",1.6,"",-12.5,"",33.5,"",5.4,"","04","",5,"",5,13,2
"253220070","BIEBRZA-PIEÑCZYKÓWEK","2020","02",12.2,"",6.0,"",-7.6,"",-1.3,"",2.0,"",-11.8,"",38.3,"",12.1,"","01","",0,"",0,15,3
"253220070","BIEBRZA-PIEÑCZYKÓWEK","2020","03",17.0,"",8.9,"",-11.0,"",-2.5,"",2.8,"",-14.3,"",24.5,"",7.3,"","12","",0,"",0,8,2
"253220070","BIEBRZA-PIEÑCZYKÓWEK","2020","04",22.7,"",13.9,"",-7.9,"",-1.3,"",6.6,"",-12.1,"",6.7,"",2.7,"","13","",0,"",0,7,2
"253220070","BIEBRZA-PIEÑCZYKÓWEK","2020","05",22.0,"",16.5,"",-2.9,"",3.3,"",10.2,"",-8.0,"",69.9,"",21.8,"","11","",9,"",1,14,2
"253220070","BIEBRZA-PIEÑCZYKÓWEK","2020","06",28.6,"",24.0,"",1.0,"",12.1,"",18.5,"",-2.7,"",150.6,"",38.8,"","10","",0,"",0,19,0
"253220070","BIEBRZA-PIEÑCZYKÓWEK","2020","07",28.7,"",23.7,"",2.1,"",9.7,"",17.3,"",.2,"",47.2,"",25.2,"","01","",0,"",0,11,0
"253220070","BIEBRZA-PIEÑCZYKÓWEK","2020","08",30.2,"",24.2,"",3.1,"",10.4,"",17.6,"",.3,"",107.3,"",31.3,"","30","",0,"",0,14,0
"253220070","BIEBRZA-PIEÑCZYKÓWEK","2020","09",26.3,"",20.8,"",-1.4,"",6.8,"",13.4,"",-5.6,"",35.9,"",23.4,"","05","",0,"",0,10,0
"253220070","BIEBRZA-PIEÑCZYKÓWEK","2020","10",22.7,"",13.6,"",-1.0,"",5.5,"",9.5,"",-3.5,"",65.4,"",23.2,"","13","",0,"",0,19,0
"253220070","BIEBRZA-PIEÑCZYKÓWEK","2020","11",13.9,"",7.3,"",-4.4,"",1.6,"",4.5,"",-11.8,"",29.1,"",3.9,"","04","13",3,"",2,14,3
"253220070","BIEBRZA-PIEÑCZYKÓWEK","2020","12",8.4,"",2.7,"",-9.7,"",-2.0,"",.5,"",-11.5,"",37.3,"",9.4,"","22","",3,"",4,8,6
"253220330","MARIANOWO II","2020","01",8.3,"",3.8,"",-5.1,"",-.5,"",1.6,"",-13.1,"",28.9,"",6.5,"","31","",3,"",5,12,4
"253220330","MARIANOWO II","2020","02",12.4,"",5.8,"",-5.7,"",.1,"",2.5,"",-7.5,"",32.2,"",5.5,"","25","",0,"",0,16,1
"253220330","MARIANOWO II","2020","03",16.2,"",8.4,"",-6.1,"",-.5,"",3.4,"",-8.8,"",21.5,"",6.7,"","12","",2,"",1,10,1
"253220330","MARIANOWO II","2020","04",22.7,"",13.7,"",-4.7,"",.7,"",7.2,"",-7.6,"",3.4,"",1.2,"","29","",0,"",0,5,1
"253220330","MARIANOWO II","2020","05",22.5,"",15.4,"",-.7,"",4.8,"",10.3,"",-3.0,"",97.3,"",23.4,"","11","",4,"",1,17,2
"253220330","MARIANOWO II","2020","06",28.1,"",23.3,"",6.2,"",13.6,"",18.5,"",2.9,"",175.5,"",82.9,"","20","",0,"",0,20,0
"253220330","MARIANOWO II","2020","07",28.3,"",23.4,"",7.9,"",12.3,"",18.0,"",3.7,"",25.1,"",5.9,"","01","",0,"",0,14,0
"253220330","MARIANOWO II","2020","08",31.9,"",24.4,"",7.7,"",13.3,"",18.7,"",4.2,"",112.1,"",32.3,"","30","",0,"",0,15,0
"253220330","MARIANOWO II","2020","09",26.6,"",20.6,"",3.3,"",9.7,"",14.5,"",.4,"",38.8,"",20.5,"","05","",0,"",0,13,0
"253220330","MARIANOWO II","2020","10",22.2,"",13.2,"",1.3,"",7.3,"",10.0,"",-1.1,"",64.6,"",34.1,"","13","",0,"",0,19,0
"253220330","MARIANOWO II","2020","11",13.9,"",7.0,"",-2.3,"",3.1,"",4.9,"",-3.4,"",12.5,"",2.8,"","16","",0,"",0,14,2
"253220330","MARIANOWO II","2020","12",8.7,"",2.6,"",-5.7,"",-1.0,"",.7,"",-6.1,"",35.3,"",8.3,"","22","",5,"",5,6,4
"253230020","RÓ¯ANYSTOK","2020","01",7.7,"",3.9,"",-5.4,"",.0,"",1.9,"",-5.9,"",26.2,"",6.9,"","10","",0,"",0,14,2
"253230020","RÓ¯ANYSTOK","2020","02",13.2,"",5.5,"",-6.1,"",-.5,"",2.2,"",-6.5,"",37.1,"",10.3,"","01","",0,"",0,17,1
"253230020","RÓ¯ANYSTOK","2020","03",16.6,"",8.5,"",-8.5,"",-1.2,"",3.1,"",-11.5,"",32.8,"",12.8,"","12","",0,"",0,13,2
"253230020","RÓ¯ANYSTOK","2020","04",21.6,"",13.2,"",-2.9,"",1.2,"",7.2,"",-6.7,"",7.3,"",4.3,"","13","",0,"",0,6,0
"253230020","RÓ¯ANYSTOK","2020","05",23.1,"",16.1,"",-1.4,"",4.4,"",10.4,"",-5.0,"",70.5,"",13.1,"","19","",0,"",0,15,1
"253230020","RÓ¯ANYSTOK","2020","06",29.4,"",24.3,"",4.5,"",12.5,"",18.6,"",2.5,"",83.9,"",25.6,"","29","",0,"",0,10,0
"253230020","RÓ¯ANYSTOK","2020","07",28.8,"",23.6,"",6.0,"",11.2,"",17.7,"",4.5,"",44.3,"",14.4,"","01","",0,"",0,15,0
"253230020","RÓ¯ANYSTOK","2020","08",30.7,"",24.8,"",7.3,"",12.6,"",18.6,"",5.8,"",93.9,"",29.1,"","30","",0,"",0,14,0
"253230020","RÓ¯ANYSTOK","2020","09",26.1,"",20.1,"",4.0,"",9.3,"",14.2,"",1.5,"",21.4,"",16.0,"","05","",0,"",0,12,0
"253230020","RÓ¯ANYSTOK","2020","10",21.6,"",13.2,"",.6,"",6.7,"",9.9,"",-.5,"",67.6,"",18.5,"","12","",0,"",0,17,0
"253230020","RÓ¯ANYSTOK","2020","11",13.2,"",7.1,"",-3.4,"",1.9,"",4.5,"",-5.5,"",24.2,"",3.9,"","27","",0,"",0,19,2
"253230020","RÓ¯ANYSTOK","2020","12",7.2,"",2.2,"",-9.5,"",-1.7,"",.3,"",-11.0,"",35.8,"",10.0,"","22","",2,"",1,10,4
"254170210","BORUCINO","2020","01",10.0,"",5.1,"",-2.2,"",1.1,"",3.0,"",-8.9,"",53.0,"",11.2,"","30","",2,"",3,15,4
"254170210","BORUCINO","2020","02",13.3,"",6.6,"",-2.9,"",1.2,"",3.5,"",-7.6,"",80.4,"",15.1,"","10","",4,"",1,15,8
"254170210","BORUCINO","2020","03",15.7,"",8.1,"",-6.0,"",.0,"",3.3,"",-14.5,"",45.6,"",7.3,"","10","",6,"",4,14,6
"254170210","BORUCINO","2020","04",20.1,"",13.3,"",-2.9,"",1.9,"",7.1,"",-8.7,"",19.9,"",10.5,"","30","",0,"",0,7,1
"254170210","BORUCINO","2020","05",21.7,"",14.7,"",.8,"",5.5,"",10.0,"",-3.9,"",51.7,"",8.5,"","18","",0,"",0,19,0
"254170210","BORUCINO","2020","06",28.4,"",21.7,"",5.3,"",12.3,"",16.9,"",-.9,"",80.1,"",24.3,"","19","",0,"",0,15,0
"254170210","BORUCINO","2020","07",28.2,"",21.1,"",8.4,"",12.7,"",16.8,"",3.4,"",51.7,"",7.7,"","09","",0,"",0,20,0
"254170210","BORUCINO","2020","08",31.0,"",24.7,"",9.7,"",13.8,"",18.8,"",3.8,"",39.3,"",15.5,"","26","",0,"",0,9,0
"254170210","BORUCINO","2020","09",27.0,"",19.8,"",6.0,"",10.6,"",14.4,"",.3,"",50.0,"",13.1,"","25","",0,"",0,12,0
"254170210","BORUCINO","2020","10",18.9,"",13.0,"",2.2,"",7.8,"",9.9,"",-2.2,"",60.5,"",20.1,"","14","",0,"",0,18,0
"254170210","BORUCINO","2020","11",14.8,"",8.2,"",-1.2,"",4.4,"",6.2,"",-5.6,"",34.8,"",6.8,"","23","",0,"",0,16,3
"254170210","BORUCINO","2020","12",7.9,"",3.4,"",-4.4,"",-.1,"",1.5,"",-7.9,"",45.0,"",16.9,"","23","",0,"",0,9,4
"254180090","GDAÑSK-RÊBIECHOWO","2020","01",10.0,"",5.1,"",-3.2,"",1.1,"",3.0,"",.0,"8",27.5,"",8.1,"","30","",1,"",1,11,4
"254180090","GDAÑSK-RÊBIECHOWO","2020","02",13.3,"",6.5,"",-3.1,"",1.3,"",3.5,"",.0,"8",48.3,"",8.5,"","10","",2,"",1,15,7
"254180090","GDAÑSK-RÊBIECHOWO","2020","03",15.7,"",7.9,"",-6.8,"",-.4,"",3.2,"",.0,"8",32.9,"",5.4,"","29","",4,"",3,8,5
"254180090","GDAÑSK-RÊBIECHOWO","2020","04",21.0,"",13.3,"",-2.8,"",1.9,"",7.3,"",.0,"8",10.2,"",4.8,"","30","",0,"",0,5,2
"254180090","GDAÑSK-RÊBIECHOWO","2020","05",21.5,"",14.5,"",-.1,"",5.3,"",9.9,"",.0,"8",64.2,"",9.8,"","11","",0,"",0,17,1
"254180090","GDAÑSK-RÊBIECHOWO","2020","06",27.9,"",21.0,"",4.7,"",12.1,"",16.6,"",.0,"8",87.0,"",21.4,"","05","",0,"",0,13,0
"254180090","GDAÑSK-RÊBIECHOWO","2020","07",28.2,"",21.6,"",7.1,"",12.3,"",16.8,"",.0,"8",46.1,"",13.1,"","20","",0,"",0,21,0
"254180090","GDAÑSK-RÊBIECHOWO","2020","08",32.2,"",24.3,"",7.7,"",13.2,"",18.6,"",.0,"8",55.8,"",14.5,"","30","",0,"",0,11,0
"254180090","GDAÑSK-RÊBIECHOWO","2020","09",28.4,"",20.1,"",4.7,"",10.6,"",14.7,"",.0,"8",45.7,"",17.9,"","02","",0,"",0,12,0
"254180090","GDAÑSK-RÊBIECHOWO","2020","10",19.4,"",13.2,"",-.4,"",7.3,"",9.8,"",.0,"8",121.3,"",66.2,"","14","",0,"",0,19,0
"254180090","GDAÑSK-RÊBIECHOWO","2020","11",15.7,"",8.3,"",-2.0,"",4.1,"",6.1,"",.0,"8",30.4,"",10.5,"","28","",0,"",0,10,4
"254180090","GDAÑSK-RÊBIECHOWO","2020","12",7.6,"",3.0,"",-5.5,"",-.4,"",1.2,"",.0,"8",41.6,"",14.1,"","23","",1,"",1,11,2
"254200080","LIDZBARK WARMIÑSKI","2020","01",9.7,"",4.8,"",-2.1,"",-.1,"",2.6,"",-5.5,"",50.1,"",9.8,"","31","",0,"",0,14,4
"254200080","LIDZBARK WARMIÑSKI","2020","02",11.7,"",6.6,"",-6.5,"",-.5,"",3.0,"",-8.5,"",57.5,"",8.5,"","01","",0,"",0,17,5
"254200080","LIDZBARK WARMIÑSKI","2020","03",16.7,"",8.5,"",-9.5,"",-1.8,"",3.2,"",-11.5,"",40.3,"",6.5,"","06","",3,"",3,10,6
"254200080","LIDZBARK WARMIÑSKI","2020","04",21.7,"",13.5,"",-6.4,"",-.3,"",6.7,"",-8.0,"",5.7,"",3.0,"","03","",0,"",0,3,3
"254200080","LIDZBARK WARMIÑSKI","2020","05",22.2,"",15.4,"",-3.1,"",3.5,"",9.9,"",-4.5,"",75.2,"",13.9,"","11","",0,"",0,15,1
"254200080","LIDZBARK WARMIÑSKI","2020","06",28.6,"",23.1,"",1.8,"",10.7,"",17.5,"",-2.0,"",96.3,"",27.0,"","27","",0,"",0,14,0
"254200080","LIDZBARK WARMIÑSKI","2020","07",29.2,"",22.6,"",7.7,"",11.7,"",17.5,"",2.9,"",64.1,"",33.1,"","20","",0,"",0,16,0
"254200080","LIDZBARK WARMIÑSKI","2020","08",30.7,"",24.7,"",9.7,"",13.0,"",18.6,"",4.4,"",73.5,"",17.5,"","18","",0,"",0,12,0
"254200080","LIDZBARK WARMIÑSKI","2020","09",27.6,"",20.4,"",3.3,"",9.1,"",14.4,"",-1.0,"",18.3,"",9.0,"","05","",0,"",0,9,0
"254200080","LIDZBARK WARMIÑSKI","2020","10",23.5,"",13.7,"",-.1,"",6.8,"",9.9,"",-2.5,"",90.5,"",36.1,"","05","",0,"",0,16,0
"254200080","LIDZBARK WARMIÑSKI","2020","11",14.3,"",8.1,"",-2.1,"",3.1,"",5.5,"",-6.0,"",45.5,"",8.5,"","23","",0,"",0,17,1
"254200080","LIDZBARK WARMIÑSKI","2020","12",9.8,"",3.4,"",-4.1,"",-.4,"",1.5,"",-6.5,"",42.8,"",9.5,"","22","",19,"",3,10,6
"254220090","OLECKO","2020","01",8.3,"",3.6,"",-4.4,"",-.3,"",1.6,"",-5.6,"",46.8,"",9.1,"","10","",0,"",0,18,4
"254220090","OLECKO","2020","02",10.6,"",5.1,"",-6.6,"",-.9,"",1.8,"",-6.5,"",42.4,"",10.4,"","01","",0,"",0,14,3
"254220090","OLECKO","2020","03",16.8,"",8.2,"",-7.2,"",-.9,"",3.2,"",-7.8,"",32.1,"",10.9,"","12","",0,"",0,11,3
"254220090","OLECKO","2020","04",21.6,"",12.9,"",-4.3,"",.9,"",6.9,"",-5.3,"",5.2,"",1.7,"","16","",0,"",0,6,2
"254220090","OLECKO","2020","05",20.5,"",15.8,"",-.4,"",4.9,"",10.5,"",-2.8,"",89.5,"",21.1,"","11","",4,"",1,14,1
"254220090","OLECKO","2020","06",29.7,"",23.9,"",6.0,"",13.6,"",18.7,"",3.3,"",115.1,"",25.0,"","10","",0,"",0,17,0
"254220090","OLECKO","2020","07",29.2,"",22.8,"",8.6,"",12.8,"",17.8,"",5.6,"",23.8,"",5.9,"","08","",0,"",0,13,0
"254220090","OLECKO","2020","08",30.1,"",24.2,"",10.3,"",14.4,"",18.9,"",7.7,"",89.4,"",24.7,"","04","",0,"",0,13,0
"254220090","OLECKO","2020","09",25.7,"",20.2,"",5.5,"",10.5,"",14.7,"",2.9,"",12.1,"",5.3,"","01","",0,"",0,10,0
"254220090","OLECKO","2020","10",21.8,"",13.0,"",1.3,"",7.4,"",9.8,"",-.6,"",69.6,"",16.6,"","13","",0,"",0,23,0
"254220090","OLECKO","2020","11",12.8,"",7.1,"",-2.5,"",2.9,"",4.7,"",-3.7,"",38.4,"",4.4,"","04","",0,"",0,21,4
"254220090","OLECKO","2020","12",7.3,"",2.1,"",-6.4,"",-1.5,"",.1,"",-8.8,"",42.0,"",8.0,"","22","",2,"",5,9,8
