"349190600","BIELSKO-BIA£A","2022","01",.0,"8",4.7,"",.6,"",5.3,"",80.8,"",971.9,"",1021.7,"",24.5,"",21.9,""
"349190600","BIELSKO-BIA£A","2022","02",.0,"8",5.6,"",3.4,"",5.5,"",71.5,"",968.3,"",1017.4,"",22.2,"",15.3,""
"349190600","BIELSKO-BIA£A","2022","03",.0,"8",2.9,"",3.4,"",4.5,"",59.4,"",978.0,"",1027.5,"",5.2,"",15.6,""
"349190600","BIELSKO-BIA£A","2022","04",.0,"8",3.5,"",6.6,"",6.6,"",68.5,"",966.0,"",1014.4,"",33.1,"",26.2,""
"349190600","BIELSKO-BIA£A","2022","05",.0,"8",2.8,"",14.4,"",10.0,"",62.8,"",971.1,"",1018.4,"",30.3,"",14.5,""
"349190600","BIELSKO-BIA£A","2022","06",.0,"8",2.6,"",18.9,"",14.1,"",66.4,"",970.1,"",1016.6,"",46.0,"",36.7,""
"349190600","BIELSKO-BIA£A","2022","07",.0,"8",2.8,"",18.8,"",14.4,"",68.6,"",972.0,"",1018.5,"",110.2,"",43.2,""
"349190600","BIELSKO-BIA£A","2022","08",.0,"8",2.4,"",19.3,"",16.8,"",76.5,"",970.2,"",1016.6,"",60.1,"",54.4,""
"349190600","BIELSKO-BIA£A","2022","09",.0,"8",3.0,"",12.7,"",11.7,"",79.7,"",966.6,"",1014.0,"",59.3,"",38.9,""
"349190600","BIELSKO-BIA£A","2022","10",.0,"8",3.0,"",12.2,"",10.6,"",75.8,"",974.5,"",1022.3,"",14.7,"",20.6,""
"349190600","BIELSKO-BIA£A","2022","11",.0,"8",2.5,"",4.9,"",7.4,"",83.6,"",969.8,"",1018.7,"",11.6,"",8.7,""
"349190600","BIELSKO-BIA£A","2022","12",.0,"8",3.8,"",1.3,"",5.6,"",81.7,"",968.4,"",1017.8,"",35.4,"",34.1,""
"349190625","ZAKOPANE","2022","01",6.0,"",2.0,"",-2.6,"",4.2,"",79.3,"",918.2,"",.0,"8",43.0,"",28.0,""
"349190625","ZAKOPANE","2022","02",5.9,"",2.3,"",-.1,"",4.4,"",72.9,"",915.8,"",.0,"8",29.5,"",22.0,""
"349190625","ZAKOPANE","2022","03",3.8,"",1.4,"",-.1,"",3.9,"",65.5,"",924.4,"",.0,"8",9.8,"",16.6,""
"349190625","ZAKOPANE","2022","04",.0,"8",1.8,"",3.9,"",5.8,"",71.7,"",913.6,"",.0,"8",24.1,"",25.8,""
"349190625","ZAKOPANE","2022","05",.0,"8",1.6,"",11.6,"",9.0,"",67.3,"",920.2,"",.0,"8",64.6,"",7.1,""
"349190625","ZAKOPANE","2022","06",.0,"8",1.4,"",16.3,"",12.2,"",67.8,"",920.0,"",.0,"8",69.2,"",9.4,""
"349190625","ZAKOPANE","2022","07",.0,"8",1.4,"",16.2,"",12.8,"",71.7,"",921.7,"",.0,"8",95.8,"",103.3,""
"349190625","ZAKOPANE","2022","08",.0,"8",1.1,"",16.9,"",14.8,"",78.2,"",920.2,"",.0,"8",79.4,"",25.2,""
"349190625","ZAKOPANE","2022","09",.0,"8",1.2,"",9.9,"",10.2,"",83.2,"",915.7,"",.0,"8",58.9,"",62.0,""
"349190625","ZAKOPANE","2022","10",.0,"8",1.3,"",9.1,"",9.0,"",79.3,"",923.6,"",.0,"8",20.7,"",27.7,""
"349190625","ZAKOPANE","2022","11",.0,"8",1.1,"",2.4,"",6.2,"",84.0,"",917.6,"",.0,"8",21.4,"",19.2,""
"349190625","ZAKOPANE","2022","12",.0,"8",1.3,"",-1.7,"",4.8,"",85.7,"",915.8,"",.0,"8",21.0,"",20.5,""
"349190650","KASPROWY WIERCH","2022","01",6.1,"",7.3,"",-8.5,"",2.6,"",75.7,"",794.4,"",.0,"8",76.3,"",69.8,""
"349190650","KASPROWY WIERCH","2022","02",6.4,"",9.3,"",-7.4,"",3.0,"",83.5,"",793.1,"",.0,"8",55.8,"",67.8,""
"349190650","KASPROWY WIERCH","2022","03",4.0,"",5.2,"",-5.8,"",2.5,"",62.3,"",801.0,"",.0,"8",29.3,"",49.8,""
"349190650","KASPROWY WIERCH","2022","04",6.7,"",5.9,"",-3.9,"",4.2,"",88.9,"",792.6,"",.0,"8",65.4,"",44.8,""
"349190650","KASPROWY WIERCH","2022","05",5.6,"",4.6,"",4.0,"",6.4,"",78.7,"",801.9,"",.0,"8",48.7,"",6.0,""
"349190650","KASPROWY WIERCH","2022","06",5.3,"",4.5,"",9.2,"",9.1,"",79.0,"",803.7,"",.0,"8",66.0,"",21.7,""
"349190650","KASPROWY WIERCH","2022","07",5.6,"",4.2,"",9.5,"",9.2,"",78.7,"",805.1,"",.0,"8",88.7,"",115.8,""
"349190650","KASPROWY WIERCH","2022","08",5.6,"",3.7,"",10.8,"",11.0,"",85.1,"",804.4,"",.0,"8",134.8,"",46.0,""
"349190650","KASPROWY WIERCH","2022","09",6.9,"",5.4,"",2.8,"",7.2,"",93.2,"",797.5,"",.0,"8",107.0,"",107.1,""
"349190650","KASPROWY WIERCH","2022","10",5.1,"",6.0,"",4.4,"",6.1,"",74.5,"",804.9,"",.0,"8",33.3,"",46.9,""
"349190650","KASPROWY WIERCH","2022","11",5.5,"",5.8,"",-1.5,"",4.3,"",78.4,"",797.0,"",.0,"8",27.6,"",30.4,""
"349190650","KASPROWY WIERCH","2022","12",6.4,"",8.2,"",-4.7,"",3.7,"",81.9,"",794.0,"",.0,"8",49.3,"",57.7,""
"349200628","HALA G•SIENICOWA","2022","01",.0,"8",3.0,"",-5.6,"",3.1,"",74.1,"",843.4,"",.0,"8",63.7,"",35.7,""
"349200628","HALA G•SIENICOWA","2022","02",.0,"8",4.6,"",-3.8,"",3.4,"",74.4,"",841.8,"",.0,"8",51.9,"",40.2,""
"349200628","HALA G•SIENICOWA","2022","03",.0,"8",2.7,"",-3.5,"",2.9,"",61.9,"",849.9,"",.0,"8",20.3,"",32.3,""
"349200628","HALA G•SIENICOWA","2022","04",.0,"8",.0,"8",-.7,"",.0,"8",78.3,"",.0,"8",.0,"8",57.0,"",57.9,""
"349200628","HALA G•SIENICOWA","2022","05",.0,"8",2.5,"",7.4,"",7.1,"",69.4,"",848.8,"",.0,"8",49.9,"",10.8,""
"349200628","HALA G•SIENICOWA","2022","06",.0,"8",2.6,"",12.2,"",10.1,"",72.0,"",849.8,"",.0,"8",83.4,"",25.2,""
"349200628","HALA G•SIENICOWA","2022","07",.0,"8",2.3,"",.0,"8",.0,"8",.0,"8",851.3,"",.0,"8",125.8,"",138.4,""
"349200628","HALA G•SIENICOWA","2022","08",.0,"8",.0,"8",13.1,"",.0,"8",84.1,"",.0,"8",.0,"8",138.4,"",45.2,""
"349200628","HALA G•SIENICOWA","2022","09",.0,"8",2.5,"",5.9,"",8.4,"",88.3,"",844.3,"",.0,"8",134.3,"",108.0,""
"349200628","HALA G•SIENICOWA","2022","10",.0,"8",2.9,"",7.2,"",7.0,"",71.0,"",851.8,"",.0,"8",37.5,"",63.2,""
"349200628","HALA G•SIENICOWA","2022","11",.0,"8",2.8,"",1.0,"",4.9,"",74.8,"",844.5,"",.0,"8",31.4,"",31.2,""
"349200628","HALA G•SIENICOWA","2022","12",.0,"8",4.2,"",-1.4,"",4.2,"",73.3,"",842.0,"",.0,"8",45.9,"",49.4,""
"349200660","NOWY S•CZ","2022","01",.0,"8",.0,"8",.5,"",5.2,"",78.6,"",984.1,"",1020.8,"",17.0,"",5.3,""
"349200660","NOWY S•CZ","2022","02",.0,"8",2.9,"",3.5,"",5.5,"",71.2,"",981.2,"",1017.4,"",10.6,"",8.7,""
"349200660","NOWY S•CZ","2022","03",.0,"8",.0,"8",2.9,"",4.7,"",65.8,"",991.1,"",1027.7,"",15.1,"",13.8,""
"349200660","NOWY S•CZ","2022","04",.0,"8",2.0,"",7.0,"",7.1,"",71.6,"",978.4,"",1014.1,"",40.3,"",12.0,""
"349200660","NOWY S•CZ","2022","05",.0,"8",1.6,"",14.5,"",10.3,"",65.0,"",983.4,"",1018.3,"",13.7,"",4.1,""
"349200660","NOWY S•CZ","2022","06",.0,"8",1.5,"",19.4,"",14.0,"",65.2,"",982.1,"",1016.5,"",60.9,"",1.6,""
"349200660","NOWY S•CZ","2022","07",.0,"8",1.6,"",19.2,"",.0,"8",69.9,"",983.5,"",.0,"8",81.5,"",66.1,""
"349200660","NOWY S•CZ","2022","08",.0,"8",1.3,"",20.1,"",17.2,"",74.9,"",981.9,"",1016.3,"",22.9,"",30.0,""
"349200660","NOWY S•CZ","2022","09",.0,"8",1.3,"",13.0,"",11.9,"",80.6,"",978.7,"",1013.8,"",59.6,"",44.6,""
"349200660","NOWY S•CZ","2022","10",.0,"8",1.4,"",11.0,"",10.5,"",80.6,"",987.0,"",1022.7,"",16.0,"",14.0,""
"349200660","NOWY S•CZ","2022","11",.0,"8",.0,"8",3.9,"",7.3,"",88.4,"",982.7,"",1019.2,"",15.1,"",11.0,""
"349200660","NOWY S•CZ","2022","12",.0,"8",.0,"8",.7,"",5.5,"",83.7,"",981.5,"",1018.3,"",21.8,"",31.3,""
"349210670","KROSNO","2022","01",6.6,"",4.1,"",-.8,"",4.9,"",81.7,"",978.6,"",1020.2,"",30.9,"",12.8,""
"349210670","KROSNO","2022","02",5.8,"",4.2,"",2.3,"",5.4,"",74.6,"",976.3,"",1017.3,"",24.0,"",8.2,""
"349210670","KROSNO","2022","03",4.0,"",2.5,"",2.9,"",4.3,"",58.2,"",986.1,"",1027.4,"",18.0,"",16.3,""
"349210670","KROSNO","2022","04",.0,"8",3.0,"",6.6,"",7.0,"",73.2,"",973.6,"",1013.8,"",28.3,"",14.8,""
"349210670","KROSNO","2022","05",.0,"8",2.6,"",14.5,"",9.7,"",60.9,"",978.7,"",1018.0,"",8.6,"",2.7,""
"349210670","KROSNO","2022","06",.0,"8",2.7,"",19.3,"",14.0,"",65.2,"",977.8,"",1016.4,"",22.1,"",17.1,""
"349210670","KROSNO","2022","07",.0,"8",2.7,"",19.2,"",14.7,"",68.8,"",978.9,"",1017.5,"",30.0,"",82.3,""
"349210670","KROSNO","2022","08",.0,"8",2.0,"",19.7,"",.0,"8",.0,"8",977.5,"",1016.0,"",55.0,"",.6,""
"349210670","KROSNO","2022","09",.0,"8",2.5,"",12.5,"",11.7,"",81.4,"",974.3,"",1013.7,"",57.9,"",51.0,""
"349210670","KROSNO","2022","10",.0,"8",2.9,"",11.2,"",10.7,"",80.5,"",982.8,"",1022.7,"",16.5,"",27.8,""
"349210670","KROSNO","2022","11",.0,"8",2.3,"",4.3,"",7.6,"",89.5,"",978.5,"",1019.2,"",14.9,"",12.7,""
"349210670","KROSNO","2022","12",.0,"8",3.4,"",.8,"",5.7,"",85.9,"",977.3,"",1018.6,"",33.0,"",44.0,""
"349220690","LESKO","2022","01",.0,"8",3.6,"",-1.2,"",4.8,"",81.3,"",967.6,"",1020.3,"",30.8,"",11.9,""
"349220690","LESKO","2022","02",.0,"8",3.7,"",1.9,"",5.1,"",73.6,"",965.7,"",1017.7,"",17.6,"",10.3,""
"349220690","LESKO","2022","03",.0,"8",2.2,"",2.1,"",4.2,"",60.0,"",975.1,"",1027.5,"",21.8,"",19.3,""
"349220690","LESKO","2022","04",.0,"8",2.7,"",5.9,"",6.7,"",73.4,"",962.9,"",1014.0,"",28.8,"",16.2,""
"349220690","LESKO","2022","05",.0,"8",2.3,"",13.6,"",9.6,"",64.0,"",968.3,"",1018.3,"",19.6,"",11.3,""
"349220690","LESKO","2022","06",.0,"8",2.2,"",18.4,"",13.8,"",67.6,"",967.5,"",1016.6,"",18.2,"",29.9,""
"349220690","LESKO","2022","07",.0,"8",2.1,"",18.7,"",14.6,"",70.2,"",968.5,"",1017.6,"",52.7,"",45.1,""
"349220690","LESKO","2022","08",.0,"8",1.8,"",19.0,"",16.5,"",76.8,"",967.2,"",1016.2,"",18.5,"",9.7,""
"349220690","LESKO","2022","09",.0,"8",2.2,"",12.1,"",11.4,"",81.5,"",963.9,"",1013.9,"",111.8,"",65.1,""
"349220690","LESKO","2022","10",.0,"8",2.3,"",10.7,"",10.1,"",79.1,"",972.3,"",1023.0,"",25.8,"",32.6,""
"349220690","LESKO","2022","11",.0,"8",1.6,"",4.0,"",7.3,"",88.0,"",967.8,"",1019.5,"",14.7,"",6.8,""
"349220690","LESKO","2022","12",.0,"8",2.7,"",1.2,"",5.7,"",83.4,"",966.6,"",1018.8,"",28.2,"",54.2,""
"350150500","JELENIA G”RA","2022","01",.0,"8",3.4,"",1.0,"",5.7,"",84.0,"",978.8,"",1021.7,"",13.7,"",12.8,""
"350150500","JELENIA G”RA","2022","02",.0,"8",4.4,"",3.4,"",5.7,"",73.9,"",973.9,"",1016.2,"",20.3,"",24.8,""
"350150500","JELENIA G”RA","2022","03",.0,"8",.0,"8",2.9,"",.0,"8",63.2,"",.0,"8",.0,"8",6.6,"",6.4,""
"350150500","JELENIA G”RA","2022","04",.0,"8",2.7,"",5.8,"",6.7,"",74.0,"",973.0,"",1014.9,"",19.5,"",15.4,""
"350150500","JELENIA G”RA","2022","05",.0,"8",2.2,"",13.3,"",10.1,"",68.9,"",977.4,"",1018.3,"",22.5,"",7.7,""
"350150500","JELENIA G”RA","2022","06",.0,"8",2.0,"",17.9,"",14.1,"",72.0,"",976.3,"",1016.5,"",43.7,"",36.8,""
"350150500","JELENIA G”RA","2022","07",.0,"8",2.2,"",17.5,"",13.6,"",71.5,"",979.0,"",1019.4,"",38.1,"",20.8,""
"350150500","JELENIA G”RA","2022","08",.0,"8",1.5,"",18.3,"",16.3,"",80.1,"",977.3,"",1017.5,"",38.6,"",86.3,""
"350150500","JELENIA G”RA","2022","09",.0,"8",1.8,"",11.4,"",11.5,"",85.4,"",972.9,"",1013.9,"",54.0,"",23.7,""
"350150500","JELENIA G”RA","2022","10",.0,"8",1.8,"",10.3,"",10.6,"",84.8,"",980.0,"",1021.4,"",10.6,"",.9,""
"350150500","JELENIA G”RA","2022","11",.0,"8",1.7,"",3.0,"",7.0,"",89.9,"",975.4,"",1017.8,"",16.6,"",23.9,""
"350150500","JELENIA G”RA","2022","12",.0,"8",2.7,"",.9,"",5.7,"",83.6,"",973.9,"",1016.6,"",9.3,"",14.2,""
"350150510","åNIEØKA","2022","01",6.5,"",17.7,"",-5.8,"",3.4,"",84.8,"",832.8,"",.0,"8",62.0,"",35.5,""
"350150510","åNIEØKA","2022","02",6.7,"",18.6,"",-5.8,"",3.9,"",95.3,"",829.1,"",.0,"8",64.1,"",49.0,""
"350150510","åNIEØKA","2022","03",3.8,"",11.3,"",-4.0,"",3.0,"",64.7,"",840.1,"",.0,"8",13.8,"",19.9,""
"350150510","åNIEØKA","2022","04",6.6,"",11.8,"",-2.9,"",4.4,"",89.2,"",830.6,"",.0,"8",33.8,"",35.0,""
"350150510","åNIEØKA","2022","05",5.9,"",8.3,"",5.3,"",7.2,"",81.2,"",838.8,"",.0,"8",49.5,"",34.7,""
"350150510","åNIEØKA","2022","06",5.1,"",7.6,"",10.0,"",9.8,"",79.6,"",840.0,"",.0,"8",43.6,"",50.3,""
"350150510","åNIEØKA","2022","07",5.3,"",9.0,"",9.8,"",9.4,"",79.5,"",842.1,"",.0,"8",50.5,"",50.0,""
"350150510","åNIEØKA","2022","08",5.7,"",7.7,"",11.3,"",11.6,"",86.9,"",841.4,"",.0,"8",38.2,"",62.7,""
"350150510","åNIEØKA","2022","09",6.7,"",8.8,"",4.1,"",8.1,"",96.6,"",834.2,"",.0,"8",65.4,"",49.8,""
"350150510","åNIEØKA","2022","10",6.2,"",11.4,"",5.7,"",7.5,"",83.4,"",840.7,"",.0,"8",31.9,"",16.4,""
"350150510","åNIEØKA","2022","11",6.1,"",10.3,"",-.7,"",4.8,"",82.9,"",833.6,"",.0,"8",23.1,"",22.9,""
"350150510","åNIEØKA","2022","12",7.0,"",12.1,"",-4.9,"",3.9,"",85.7,"",829.9,"",.0,"8",42.5,"",44.3,""
"350160520","K£ODZKO","2022","01",.0,"8",4.0,"",.5,"",5.5,"",83.6,"",977.4,"",1022.1,"",8.6,"",8.6,""
"350160520","K£ODZKO","2022","02",.0,"8",5.0,"",3.3,"",5.9,"",75.3,"",973.0,"",1016.9,"",24.8,"",8.0,""
"350160520","K£ODZKO","2022","03",.0,"8",2.2,"",2.6,"",4.7,"",65.8,"",983.3,"",1027.8,"",7.9,"",18.6,""
"350160520","K£ODZKO","2022","04",.0,"8",3.1,"",6.0,"",6.8,"",73.3,"",971.3,"",1014.8,"",10.1,"",16.7,""
"350160520","K£ODZKO","2022","05",.0,"8",2.3,"",13.5,"",10.5,"",70.4,"",976.0,"",1018.5,"",40.5,"",25.9,""
"350160520","K£ODZKO","2022","06",.0,"8",2.0,"",17.8,"",15.0,"",75.2,"",974.9,"",1016.7,"",59.9,"",15.5,""
"350160520","K£ODZKO","2022","07",.0,"8",2.0,"",17.8,"",13.9,"",71.3,"",977.3,"",1019.2,"",26.6,"",25.5,""
"350160520","K£ODZKO","2022","08",.0,"8",1.7,"",18.7,"",16.5,"",78.9,"",975.5,"",1017.2,"",60.2,"",85.8,""
"350160520","K£ODZKO","2022","09",.0,"8",2.0,"",12.0,"",12.0,"",84.8,"",971.5,"",1014.1,"",42.9,"",27.0,""
"350160520","K£ODZKO","2022","10",.0,"8",2.9,"",10.9,"",11.1,"",84.6,"",979.2,"",1022.2,"",5.1,"",6.6,""
"350160520","K£ODZKO","2022","11",.0,"8",2.6,"",4.0,"",7.7,"",91.3,"",974.5,"",1018.4,"",8.1,"",12.8,""
"350160520","K£ODZKO","2022","12",.0,"8",3.5,"",.3,"",5.8,"",89.8,"",973.1,"",1017.6,"",7.1,"",17.9,""
"350170530","OPOLE","2022","01",6.3,"",3.4,"",1.6,"",5.8,"",81.2,"",1000.2,"",1020.8,"",15.8,"",8.3,""
"350170530","OPOLE","2022","02",5.7,"",3.9,"",4.3,"",6.1,"",73.3,"",995.9,"",1016.1,"",22.2,"",21.2,""
"350170530","OPOLE","2022","03",3.1,"",2.2,"",3.8,"",4.6,"",60.3,"",1007.1,"",1027.7,"",3.9,"",28.5,""
"350170530","OPOLE","2022","04",.0,"8",2.7,"",7.3,"",7.0,"",70.3,"",994.1,"",1014.2,"",14.1,"",16.8,""
"350170530","OPOLE","2022","05",.0,"8",2.2,"",15.3,"",10.3,"",61.9,"",998.4,"",1017.9,"",23.0,"",19.3,""
"350170530","OPOLE","2022","06",.0,"8",2.1,"",19.9,"",15.0,"",67.3,"",997.0,"",1016.2,"",50.3,"",10.4,""
"350170530","OPOLE","2022","07",.0,"8",2.3,"",20.2,"",14.2,"",63.2,"",999.0,"",1018.2,"",35.3,"",28.9,""
"350170530","OPOLE","2022","08",.0,"8",1.9,"",20.7,"",17.6,"",74.5,"",997.3,"",1016.5,"",79.3,"",193.7,""
"350170530","OPOLE","2022","09",.0,"8",1.9,"",13.3,"",12.2,"",80.8,"",994.0,"",1013.6,"",76.8,"",47.5,""
"350170530","OPOLE","2022","10",.0,"8",2.2,"",12.3,"",11.5,"",80.8,"",1001.6,"",1021.4,"",16.4,"",7.8,""
"350170530","OPOLE","2022","11",.0,"8",2.1,"",5.0,"",7.7,"",86.1,"",997.8,"",1018.1,"",6.7,"",5.4,""
"350170530","OPOLE","2022","12",.0,"8",2.9,"",1.3,"",5.9,"",85.3,"",996.6,"",1017.1,"",25.0,"",21.7,""
"350180540","RACIB”RZ","2022","01",.0,"8",4.5,"",1.4,"",5.5,"",79.3,"",995.5,"",1021.4,"",4.9,"",6.2,""
"350180540","RACIB”RZ","2022","02",.0,"8",5.6,"",4.1,"",6.0,"",72.7,"",991.5,"",1017.1,"",11.9,"",10.5,""
"350180540","RACIB”RZ","2022","03",.0,"8",2.6,"",3.9,"",4.8,"",61.4,"",1001.6,"",1027.4,"",6.5,"",18.4,""
"350180540","RACIB”RZ","2022","04",.0,"8",3.8,"",7.0,"",7.1,"",72.1,"",989.0,"",1014.2,"",20.2,"",13.7,""
"350180540","RACIB”RZ","2022","05",.0,"8",2.8,"",14.8,"",10.9,"",66.9,"",993.5,"",1018.2,"",15.8,"",23.7,""
"350180540","RACIB”RZ","2022","06",.0,"8",2.7,"",19.3,"",15.5,"",71.6,"",992.2,"",1016.4,"",29.1,"",20.5,""
"350180540","RACIB”RZ","2022","07",.0,"8",2.9,"",19.3,"",15.3,"",71.1,"",994.1,"",1018.4,"",65.9,"",62.6,""
"350180540","RACIB”RZ","2022","08",.0,"8",2.4,"",20.0,"",17.7,"",77.8,"",992.3,"",1016.4,"",30.1,"",92.0,""
"350180540","RACIB”RZ","2022","09",.0,"8",2.5,"",13.3,"",12.5,"",82.2,"",989.0,"",1013.7,"",22.5,"",10.0,""
"350180540","RACIB”RZ","2022","10",.0,"8",3.0,"",11.7,"",11.4,"",83.3,"",997.1,"",1022.1,"",4.6,"",11.1,""
"350180540","RACIB”RZ","2022","11",.0,"8",2.4,"",4.8,"",7.9,"",89.2,"",992.9,"",1018.4,"",3.6,"",7.9,""
"350180540","RACIB”RZ","2022","12",.0,"8",3.5,"",.8,"",5.8,"",86.5,"",991.9,"",1017.8,"",18.6,"",30.5,""
"350190550","CZ STOCHOWA","2022","01",.0,"8",3.0,"",.2,"",5.5,"",84.5,"",983.1,"",1020.1,"",23.8,"",10.9,""
"350190550","CZ STOCHOWA","2022","02",.0,"8",.0,"8",2.9,"",.0,"8",75.5,"",.0,"8",.0,"8",28.8,"",23.7,""
"350190550","CZ STOCHOWA","2022","03",.0,"8",2.4,"",3.7,"",4.2,"",54.0,"",990.9,"",1027.7,"",3.3,"",21.4,""
"350190550","CZ STOCHOWA","2022","04",.0,"8",2.6,"",6.5,"",6.6,"",69.3,"",978.0,"",1014.0,"",15.7,"",22.9,""
"350190550","CZ STOCHOWA","2022","05",.0,"8",2.0,"",14.6,"",9.3,"",58.0,"",982.9,"",1018.0,"",20.8,"",21.3,""
"350190550","CZ STOCHOWA","2022","06",.0,"8",.0,"8",19.2,"",14.1,"",65.4,"",981.9,"",1016.4,"",39.6,"",27.7,""
"350190550","CZ STOCHOWA","2022","07",.0,"8",.0,"8",19.5,"",13.9,"",64.3,"",983.4,"",1018.0,"",56.1,"",48.8,""
"350190550","CZ STOCHOWA","2022","08",.0,"8",1.8,"",20.5,"",17.1,"",72.5,"",982.2,"",1016.6,"",26.0,"",35.1,""
"350190550","CZ STOCHOWA","2022","09",.0,"8",1.9,"",12.4,"",11.3,"",80.0,"",978.5,"",1013.7,"",45.9,"",23.7,""
"350190550","CZ STOCHOWA","2022","10",.0,"8",2.0,"",11.5,"",11.1,"",81.6,"",986.0,"",1021.6,"",4.7,"",10.4,""
"350190550","CZ STOCHOWA","2022","11",.0,"8",2.0,"",4.2,"",7.4,"",87.2,"",982.1,"",1018.5,"",10.0,"",3.8,""
"350190550","CZ STOCHOWA","2022","12",.0,"8",2.6,"",.4,"",5.8,"",88.1,"",980.4,"",1017.2,"",28.9,"",27.9,""
"350190560","KATOWICE-MUCHOWIEC","2022","01",.0,"8",3.3,"",.7,"",5.4,"",80.1,"",985.9,"",1021.0,"",24.5,"",9.1,""
"350190560","KATOWICE-MUCHOWIEC","2022","02",.0,"8",4.0,"",3.4,"",5.6,"",72.1,"",982.2,"",1016.8,"",29.3,"",21.1,""
"350190560","KATOWICE-MUCHOWIEC","2022","03",.0,"8",2.1,"",3.6,"",4.2,"",55.3,"",992.6,"",1027.6,"",6.5,"",22.8,""
"350190560","KATOWICE-MUCHOWIEC","2022","04",.0,"8",2.5,"",6.9,"",6.7,"",69.4,"",980.0,"",1014.1,"",28.2,"",21.7,""
"350190560","KATOWICE-MUCHOWIEC","2022","05",.0,"8",2.1,"",14.7,"",10.1,"",62.6,"",984.8,"",1018.1,"",39.6,"",13.1,""
"350190560","KATOWICE-MUCHOWIEC","2022","06",.0,"8",2.0,"",19.0,"",14.7,"",69.0,"",983.7,"",1016.5,"",40.2,"",19.5,""
"350190560","KATOWICE-MUCHOWIEC","2022","07",.0,"8",2.1,"",19.4,"",14.7,"",68.3,"",985.4,"",1018.2,"",61.9,"",38.0,""
"350190560","KATOWICE-MUCHOWIEC","2022","08",.0,"8",1.6,"",19.9,"",17.7,"",78.0,"",983.8,"",1016.5,"",84.4,"",52.8,""
"350190560","KATOWICE-MUCHOWIEC","2022","09",.0,"8",2.1,"",12.5,"",12.0,"",83.3,"",980.4,"",1013.8,"",41.6,"",31.5,""
"350190560","KATOWICE-MUCHOWIEC","2022","10",.0,"8",2.2,"",11.1,"",11.1,"",84.1,"",988.3,"",1022.2,"",11.5,"",17.3,""
"350190560","KATOWICE-MUCHOWIEC","2022","11",.0,"8",2.2,"",4.4,"",7.7,"",89.0,"",984.2,"",1018.7,"",13.1,"",5.0,""
"350190560","KATOWICE-MUCHOWIEC","2022","12",.0,"8",2.9,"",.8,"",5.9,"",88.0,"",982.8,"",1017.7,"",25.2,"",32.2,""
"350190566","KRAK”W-BALICE","2022","01",6.4,"",4.8,"",.7,"",5.6,"",83.9,"",990.6,"",1020.9,"",26.0,"",10.8,""
"350190566","KRAK”W-BALICE","2022","02",5.4,"",4.4,"",3.3,"",5.9,"",76.5,"",987.1,"",1017.0,"",27.9,"",16.7,""
"350190566","KRAK”W-BALICE","2022","03",3.4,"",3.0,"",3.5,"",4.4,"",58.5,"",997.5,"",1027.8,"",5.1,"",11.9,""
"350190566","KRAK”W-BALICE","2022","04",5.8,"",3.4,"",7.1,"",7.0,"",70.1,"",984.7,"",1014.2,"",17.9,"",10.6,""
"350190566","KRAK”W-BALICE","2022","05",4.6,"",2.9,"",14.9,"",10.3,"",63.0,"",989.5,"",1018.3,"",7.5,"",8.9,""
"350190566","KRAK”W-BALICE","2022","06",3.7,"",2.6,"",19.5,"",14.5,"",66.6,"",988.3,"",1016.6,"",45.1,"",12.1,""
"350190566","KRAK”W-BALICE","2022","07",4.5,"",3.2,"",19.5,"",15.1,"",69.0,"",989.9,"",1018.2,"",58.1,"",29.0,""
"350190566","KRAK”W-BALICE","2022","08",4.2,"",2.6,"",20.4,"",17.4,"",74.1,"",988.3,"",1016.5,"",52.6,"",64.4,""
"350190566","KRAK”W-BALICE","2022","09",5.6,"",2.8,"",12.8,"",11.9,"",80.9,"",985.1,"",1014.0,"",37.7,"",27.2,""
"350190566","KRAK”W-BALICE","2022","10",4.1,"",2.3,"",11.0,"",10.9,"",83.3,"",993.2,"",1022.4,"",9.8,"",11.8,""
"350190566","KRAK”W-BALICE","2022","11",6.3,"",2.5,"",4.2,"",7.6,"",89.6,"",989.2,"",1019.1,"",23.0,"",15.5,""
"350190566","KRAK”W-BALICE","2022","12",6.9,"",3.0,"",.2,"",5.7,"",89.0,"",987.8,"",1018.1,"",33.3,"",29.8,""
"350200570","KIELCE-SUK”W","2022","01",.0,"8",3.2,"",-.2,"",.0,"8",.0,"8",986.4,"",1019.2,"",34.7,"",9.1,""
"350200570","KIELCE-SUK”W","2022","02",.0,"8",3.3,"",2.2,"",5.6,"",78.1,"",983.4,"",1015.8,"",34.2,"",18.0,""
"350200570","KIELCE-SUK”W","2022","03",.0,"8",2.3,"",2.5,"",4.3,"",60.5,"",995.2,"",1028.0,"",1.6,"",9.6,""
"350200570","KIELCE-SUK”W","2022","04",.0,"8",.0,"8",6.0,"",.0,"8",73.4,"",.0,"8",.0,"8",12.2,"",24.8,""
"350200570","KIELCE-SUK”W","2022","05",.0,"8",2.3,"",13.5,"",9.4,"",63.7,"",986.8,"",1018.0,"",11.2,"",7.0,""
"350200570","KIELCE-SUK”W","2022","06",.0,"8",2.1,"",18.7,"",14.0,"",67.7,"",985.9,"",1016.5,"",41.6,"",8.2,""
"350200570","KIELCE-SUK”W","2022","07",.0,"8",2.2,"",18.8,"",14.6,"",70.2,"",987.1,"",1017.7,"",25.1,"",64.6,""
"350200570","KIELCE-SUK”W","2022","08",.0,"8",2.0,"",20.4,"",16.6,"",71.2,"",986.1,"",1016.5,"",27.5,"",12.2,""
"350200570","KIELCE-SUK”W","2022","09",.0,"8",1.9,"",11.9,"",11.0,"",80.1,"",982.5,"",1013.7,"",24.6,"",52.9,""
"350200570","KIELCE-SUK”W","2022","10",.0,"8",1.7,"",9.9,"",10.6,"",86.5,"",990.2,"",1022.0,"",10.9,"",16.1,""
"350200570","KIELCE-SUK”W","2022","11",.0,"8",1.7,"",3.2,"",7.2,"",90.2,"",986.8,"",1019.2,"",19.8,"",7.5,""
"350200570","KIELCE-SUK”W","2022","12",.0,"8",2.3,"",-.2,"",5.7,"",90.3,"",985.0,"",1017.7,"",24.2,"",25.2,""
"350200575","TARN”W","2022","01",.0,"8",.0,"8",.9,"",5.5,"",80.4,"",993.7,"",1020.2,"",20.1,"",4.6,""
"350200575","TARN”W","2022","02",.0,"8",.0,"8",3.9,"",5.7,"",71.4,"",990.7,"",1016.7,"",12.0,"",7.1,""
"350200575","TARN”W","2022","03",.0,"8",1.5,"",3.4,"",4.6,"",60.6,"",1001.3,"",1027.7,"",7.7,"",11.2,""
"350200575","TARN”W","2022","04",.0,"8",1.5,"",7.3,"",7.3,"",72.4,"",988.3,"",1013.9,"",27.1,"",11.4,""
"350200575","TARN”W","2022","05",.0,"8",1.4,"",15.3,"",10.2,"",61.4,"",993.0,"",1018.0,"",10.8,"",5.2,""
"350200575","TARN”W","2022","06",.0,"8",1.3,"",20.1,"",14.4,"",64.4,"",991.8,"",1016.4,"",53.5,"",.9,""
"350200575","TARN”W","2022","07",.0,"8",1.4,"",20.0,"",15.4,"",69.0,"",993.1,"",1017.8,"",24.6,"",62.7,""
"350200575","TARN”W","2022","08",.0,"8",1.1,"",20.7,"",17.5,"",73.9,"",991.7,"",1016.3,"",12.2,"",6.2,""
"350200575","TARN”W","2022","09",.0,"8",1.3,"",13.4,"",11.9,"",78.6,"",988.6,"",1013.7,"",32.6,"",31.4,""
"350200575","TARN”W","2022","10",.0,"8",1.1,"",11.6,"",11.0,"",80.4,"",996.8,"",1022.2,"",12.2,"",33.2,""
"350200575","TARN”W","2022","11",.0,"8",1.1,"",4.9,"",7.8,"",87.4,"",993.0,"",1019.0,"",15.5,"",8.7,""
"350200575","TARN”W","2022","12",.0,"8",.0,"8",1.5,"",5.9,"",84.5,"",991.7,"",1017.9,"",27.2,"",28.5,""
"350210585","SANDOMIERZ","2022","01",.0,"8",4.2,"",.1,"",5.3,"",82.2,"",991.0,"",1018.5,"",16.9,"",7.0,""
"350210585","SANDOMIERZ","2022","02",.0,"8",4.2,"",2.6,"",5.7,"",77.3,"",988.4,"",1015.6,"",24.7,"",6.5,""
"350210585","SANDOMIERZ","2022","03",.0,"8",2.8,"",3.3,"",4.5,"",59.1,"",1000.2,"",1027.6,"",5.0,"",24.1,""
"350210585","SANDOMIERZ","2022","04",.0,"8",3.1,"",6.9,"",7.2,"",73.0,"",986.6,"",1013.3,"",32.1,"",19.4,""
"350210585","SANDOMIERZ","2022","05",.0,"8",3.0,"",14.6,"",9.7,"",59.8,"",.0,"8",.0,"8",9.1,"",2.9,""
"350210585","SANDOMIERZ","2022","06",.0,"8",2.6,"",19.8,"",14.5,"",65.0,"",990.6,"",1016.2,"",13.9,"",2.0,""
"350210585","SANDOMIERZ","2022","07",.0,"8",2.6,"",19.5,"",15.4,"",70.0,"",991.5,"",1017.1,"",34.7,"",68.3,""
"350210585","SANDOMIERZ","2022","08",.0,"8",2.3,"",20.9,"",17.4,"",72.0,"",.0,"8",.0,"8",14.9,"",77.5,""
"350210585","SANDOMIERZ","2022","09",.0,"8",2.5,"",12.4,"",11.5,"",81.3,"",987.3,"",1013.5,"",32.3,"",25.9,""
"350210585","SANDOMIERZ","2022","10",.0,"8",2.6,"",10.8,"",11.1,"",85.2,"",995.1,"",1021.7,"",13.0,"",9.6,""
"350210585","SANDOMIERZ","2022","11",.0,"8",.0,"8",3.8,"",.0,"8",90.7,"",.0,"8",.0,"8",15.1,"",12.3,""
"350210585","SANDOMIERZ","2022","12",.0,"8",3.2,"",-.1,"",5.6,"",89.1,"",990.2,"",1017.7,"",31.3,"",27.6,""
"350220580","RZESZ”W-JASIONKA","2022","01",6.5,"",5.6,"",.2,"",5.2,"",80.2,"",992.0,"",1019.3,"",33.3,"",10.8,""
"350220580","RZESZ”W-JASIONKA","2022","02",5.4,"",5.5,"",3.1,"",5.5,"",71.8,"",989.5,"",1016.5,"",21.6,"",7.6,""
"350220580","RZESZ”W-JASIONKA","2022","03",3.8,"",3.1,"",3.0,"",4.2,"",57.6,"",1000.3,"",1027.6,"",9.5,"",18.6,""
"350220580","RZESZ”W-JASIONKA","2022","04",6.0,"",3.6,"",7.0,"",7.1,"",72.2,"",987.1,"",1013.6,"",27.7,"",23.4,""
"350220580","RZESZ”W-JASIONKA","2022","05",4.8,"",3.3,"",14.6,"",10.0,"",62.7,"",992.0,"",1017.9,"",24.2,"",14.6,""
"350220580","RZESZ”W-JASIONKA","2022","06",3.5,"",3.2,"",19.7,"",14.4,"",65.4,"",990.9,"",1016.3,"",13.0,"",14.3,""
"350220580","RZESZ”W-JASIONKA","2022","07",4.5,"",3.4,"",19.9,"",15.2,"",68.4,"",991.8,"",1017.2,"",38.1,"",52.8,""
"350220580","RZESZ”W-JASIONKA","2022","08",4.4,"",2.7,"",20.8,"",16.9,"",71.4,"",990.7,"",1016.0,"",5.7,"",9.4,""
"350220580","RZESZ”W-JASIONKA","2022","09",6.2,"",3.3,"",13.1,"",11.9,"",80.6,"",987.6,"",1013.5,"",41.8,"",39.4,""
"350220580","RZESZ”W-JASIONKA","2022","10",4.2,"",3.4,"",11.4,"",11.1,"",82.7,"",995.8,"",1022.1,"",16.7,"",16.9,""
"350220580","RZESZ”W-JASIONKA","2022","11",6.4,"",3.0,"",4.4,"",7.9,"",91.8,"",992.3,"",1019.2,"",14.6,"",10.0,""
"350220580","RZESZ”W-JASIONKA","2022","12",7.0,"",4.6,"",1.1,"",5.9,"",86.6,"",990.9,"",1018.1,"",35.3,"",49.4,""
"350230595","ZAMOå∆","2022","01",.0,"8",6.2,"",-.3,"",5.2,"",84.0,"",989.6,"",1017.6,"",29.8,"",6.4,""
"350230595","ZAMOå∆","2022","02",.0,"8",5.8,"",2.5,"",5.6,"",76.7,"",987.8,"",1015.4,"",19.9,"",10.1,""
"350230595","ZAMOå∆","2022","03",.0,"8",3.2,"",2.1,"",4.5,"",63.6,"",999.6,"",1027.6,"",3.1,"",23.8,""
"350230595","ZAMOå∆","2022","04",.0,"8",.0,"8",6.4,"",.0,"8",75.6,"",.0,"8",.0,"8",29.5,"",15.9,""
"350230595","ZAMOå∆","2022","05",.0,"8",3.5,"",13.5,"",9.7,"",64.8,"",991.0,"",1017.6,"",14.2,"",7.8,""
"350230595","ZAMOå∆","2022","06",.0,"8",3.1,"",19.0,"",14.5,"",68.7,"",990.1,"",1016.3,"",17.5,"",13.5,""
"350230595","ZAMOå∆","2022","07",.0,"8",3.4,"",19.1,"",15.4,"",72.1,"",990.7,"",1016.8,"",22.2,"",98.4,""
"350230595","ZAMOå∆","2022","08",.0,"8",2.5,"",20.0,"",17.2,"",75.2,"",990.3,"",1016.3,"",45.3,"",7.5,""
"350230595","ZAMOå∆","2022","09",.0,"8",.0,"8",11.7,"",11.2,"",82.6,"",986.8,"",1013.5,"",61.7,"",38.8,""
"350230595","ZAMOå∆","2022","10",.0,"8",3.6,"",10.7,"",10.8,"",83.6,"",994.6,"",1021.6,"",19.7,"",29.1,""
"350230595","ZAMOå∆","2022","11",.0,"8",2.7,"",3.7,"",7.5,"",90.5,"",991.8,"",1019.4,"",9.7,"",22.0,""
"350230595","ZAMOå∆","2022","12",.0,"8",4.6,"",-.1,"",5.4,"",86.4,"",990.1,"",1018.0,"",22.4,"",38.0,""
"351150400","ZIELONA G”RA","2022","01",6.5,"",3.8,"",1.9,"",6.4,"",88.5,"",995.8,"",1019.9,"",28.2,"",17.1,""
"351150400","ZIELONA G”RA","2022","02",6.1,"",4.3,"",3.8,"",6.4,"",80.0,"",990.2,"",1014.0,"",31.2,"",40.3,""
"351150400","ZIELONA G”RA","2022","03",2.8,"",2.7,"",5.1,"",4.6,"",53.4,"",1003.4,"",1027.4,"",1.6,"",1.4,""
"351150400","ZIELONA G”RA","2022","04",.0,"8",3.1,"",7.8,"",6.5,"",62.1,"",990.7,"",1014.1,"",24.0,"",13.4,""
"351150400","ZIELONA G”RA","2022","05",.0,"8",2.8,"",15.4,"",9.2,"",54.1,"",994.6,"",1017.5,"",6.7,"",23.3,""
"351150400","ZIELONA G”RA","2022","06",.0,"8",2.6,"",19.9,"",13.4,"",60.2,"",993.3,"",1015.9,"",26.5,"",16.1,""
"351150400","ZIELONA G”RA","2022","07",.0,"8",2.8,"",20.1,"",12.5,"",55.5,"",995.9,"",1018.5,"",11.7,"",3.2,""
"351150400","ZIELONA G”RA","2022","08",.0,"8",2.1,"",21.3,"",16.3,"",66.6,"",994.5,"",1017.0,"",33.4,"",32.4,""
"351150400","ZIELONA G”RA","2022","09",.0,"8",2.5,"",13.1,"",11.4,"",77.1,"",990.1,"",1013.2,"",36.4,"",6.5,""
"351150400","ZIELONA G”RA","2022","10",.0,"8",2.8,"",12.6,"",12.2,"",83.1,"",996.7,"",1019.9,"",26.4,"",4.5,""
"351150400","ZIELONA G”RA","2022","11",.0,"8",2.6,"",5.0,"",8.1,"",90.1,"",993.2,"",1017.0,"",5.1,"",12.2,""
"351150400","ZIELONA G”RA","2022","12",.0,"8",.0,"8",.9,"",6.3,"",92.7,"",991.5,"",1015.6,"",13.0,"",27.3,""
"351160415","LEGNICA","2022","01",.0,"8",.0,"8",2.7,"",6.2,"",81.3,"",1004.8,"",1020.5,"",11.8,"",5.8,""
"351160415","LEGNICA","2022","02",.0,"8",.0,"8",4.9,"",.0,"8",72.5,"",.0,"8",.0,"8",10.9,"",12.6,""
"351160415","LEGNICA","2022","03",.0,"8",.0,"8",4.1,"",5.0,"",62.3,"",1011.7,"",1027.5,"",2.9,"",3.9,""
"351160415","LEGNICA","2022","04",.0,"8",3.3,"",7.7,"",7.2,"",69.4,"",998.9,"",1014.3,"",21.2,"",13.0,""
"351160415","LEGNICA","2022","05",.0,"8",2.7,"",14.9,"",10.5,"",64.2,"",1002.8,"",1017.8,"",8.9,"",2.1,""
"351160415","LEGNICA","2022","06",.0,"8",2.8,"",20.0,"",14.0,"",62.9,"",1001.3,"",1016.0,"",16.6,"",31.0,""
"351160415","LEGNICA","2022","07",.0,"8",3.0,"",20.1,"",13.2,"",59.3,"",1003.8,"",1018.6,"",35.2,"",20.0,""
"351160415","LEGNICA","2022","08",.0,"8",2.1,"",20.7,"",17.4,"",74.0,"",1002.2,"",1016.9,"",86.1,"",67.7,""
"351160415","LEGNICA","2022","09",.0,"8",2.5,"",13.5,"",12.2,"",79.4,"",998.3,"",1013.4,"",35.3,"",29.1,""
"351160415","LEGNICA","2022","10",.0,"8",2.4,"",12.5,"",11.9,"",82.1,"",1005.4,"",1020.5,"",15.6,"",5.1,""
"351160415","LEGNICA","2022","11",.0,"8",.0,"8",5.4,"",8.1,"",87.7,"",1001.8,"",1017.3,"",16.2,"",24.6,""
"351160415","LEGNICA","2022","12",.0,"8",.0,"8",2.2,"",6.3,"",84.1,"",1000.4,"",1016.1,"",7.0,"",8.1,""
"351160418","LESZNO","2022","01",.0,"8",4.7,"",2.0,"",6.3,"",86.1,"",1007.9,"",1019.6,"",21.8,"",7.8,""
"351160418","LESZNO","2022","02",.0,"8",5.2,"",4.4,"",6.5,"",78.1,"",1002.5,"",1014.0,"",21.2,"",27.5,""
"351160418","LESZNO","2022","03",.0,"8",.0,"8",4.0,"",.0,"8",60.4,"",.0,"8",.0,"8",.0,"",.0,""
"351160418","LESZNO","2022","04",.0,"8",3.8,"",7.6,"",7.0,"",67.5,"",1002.7,"",1014.1,"",17.3,"",16.9,""
"351160418","LESZNO","2022","05",.0,"8",3.1,"",14.6,"",10.1,"",62.9,"",1006.4,"",1017.6,"",21.1,"",30.2,""
"351160418","LESZNO","2022","06",.0,"8",2.8,"",19.5,"",13.8,"",64.1,"",1005.0,"",1015.9,"",22.2,"",17.2,""
"351160418","LESZNO","2022","07",.0,"8",3.4,"",19.9,"",13.1,"",59.5,"",1007.3,"",1018.3,"",29.5,"",16.2,""
"351160418","LESZNO","2022","08",.0,"8",2.7,"",21.3,"",16.8,"",69.1,"",1005.9,"",1016.8,"",69.2,"",19.9,""
"351160418","LESZNO","2022","09",.0,"8",2.6,"",13.3,"",11.5,"",76.9,"",1002.0,"",1013.2,"",41.6,"",9.0,""
"351160418","LESZNO","2022","10",.0,"8",2.5,"",11.7,"",11.6,"",84.4,"",1008.8,"",1020.1,"",41.5,"",3.4,""
"351160418","LESZNO","2022","11",.0,"8",2.6,"",4.8,"",7.8,"",87.8,"",1005.7,"",1017.3,"",2.1,"",8.3,""
"351160418","LESZNO","2022","12",.0,"8",3.3,"",1.5,"",6.1,"",86.5,"",1004.1,"",1015.8,"",11.0,"",17.1,""
"351160424","WROC£AW-STRACHOWICE","2022","01",6.5,"",4.3,"",2.3,"",6.1,"",81.9,"",1005.1,"",1020.4,"",17.0,"",7.2,""
"351160424","WROC£AW-STRACHOWICE","2022","02",5.6,"",5.5,"",4.8,"",6.2,"",72.7,"",1000.2,"",1015.3,"",23.1,"",14.5,""
"351160424","WROC£AW-STRACHOWICE","2022","03",3.3,"",2.9,"",4.4,"",4.6,"",57.3,"",1012.2,"",1027.5,"",2.8,"",7.8,""
"351160424","WROC£AW-STRACHOWICE","2022","04",6.1,"",3.5,"",8.1,"",6.9,"",65.4,"",999.2,"",1014.1,"",16.9,"",17.6,""
"351160424","WROC£AW-STRACHOWICE","2022","05",4.9,"",3.0,"",15.8,"",10.3,"",59.0,"",1003.2,"",1017.7,"",18.4,"",9.5,""
"351160424","WROC£AW-STRACHOWICE","2022","06",4.5,"",3.0,"",20.5,"",14.4,"",61.9,"",1001.8,"",1016.0,"",13.0,"",24.9,""
"351160424","WROC£AW-STRACHOWICE","2022","07",4.7,"",2.7,"",20.4,"",13.8,"",60.5,"",1004.1,"",1018.3,"",33.9,"",33.6,""
"351160424","WROC£AW-STRACHOWICE","2022","08",4.5,"",2.3,"",21.2,"",17.7,"",72.7,"",1002.5,"",1016.7,"",64.4,"",58.5,""
"351160424","WROC£AW-STRACHOWICE","2022","09",5.5,"",2.6,"",13.6,"",12.3,"",79.5,"",998.8,"",1013.4,"",44.8,"",24.5,""
"351160424","WROC£AW-STRACHOWICE","2022","10",4.8,"",2.8,"",12.4,"",12.0,"",83.1,"",1006.0,"",1020.7,"",12.6,"",1.9,""
"351160424","WROC£AW-STRACHOWICE","2022","11",6.1,"",2.7,"",5.1,"",8.1,"",89.3,"",1002.5,"",1017.6,"",8.5,"",22.3,""
"351160424","WROC£AW-STRACHOWICE","2022","12",7.0,"",3.5,"",2.1,"",6.4,"",86.3,"",1001.1,"",1016.3,"",13.9,"",15.0,""
"351180435","KALISZ","2022","01",.0,"8",5.2,"",1.3,"",6.1,"",88.0,"",1001.3,"",1018.8,"",20.3,"",7.0,""
"351180435","KALISZ","2022","02",.0,"8",.0,"8",3.7,"",.0,"8",80.0,"",.0,"8",.0,"8",15.5,"",19.1,""
"351180435","KALISZ","2022","03",.0,"8",3.3,"",4.3,"",4.8,"",59.0,"",1010.2,"",1027.8,"",.0,"",.2,""
"351180435","KALISZ","2022","04",.0,"8",4.5,"",7.6,"",6.9,"",66.2,"",996.6,"",1013.6,"",15.6,"",15.2,""
"351180435","KALISZ","2022","05",.0,"8",3.4,"",14.7,"",9.9,"",60.8,"",1000.8,"",1017.5,"",17.5,"",19.4,""
"351180435","KALISZ","2022","06",.0,"8",2.9,"",19.7,"",14.6,"",65.7,"",999.6,"",1016.0,"",22.6,"",32.5,""
"351180435","KALISZ","2022","07",.0,"8",.0,"8",19.5,"",14.4,"",66.2,"",1001.5,"",1017.9,"",52.9,"",35.5,""
"351180435","KALISZ","2022","08",.0,"8",2.6,"",21.1,"",17.8,"",73.5,"",1000.4,"",1016.7,"",19.7,"",41.7,""
"351180435","KALISZ","2022","09",.0,"8",3.0,"",12.9,"",11.6,"",79.4,"",996.5,"",1013.3,"",32.5,"",18.1,""
"351180435","KALISZ","2022","10",.0,"8",3.1,"",12.1,"",11.9,"",84.5,"",1003.4,"",1020.4,"",15.2,"",3.8,""
"351180435","KALISZ","2022","11",.0,"8",2.9,"",4.4,"",7.8,"",90.1,"",1000.5,"",1017.9,"",.8,"",8.0,""
"351180435","KALISZ","2022","12",.0,"8",3.9,"",1.1,"",.0,"8",.0,"8",998.5,"",1016.1,"",9.5,"",14.6,""
"351180455","WIELU—","2022","01",.0,"8",3.7,"",1.0,"",5.8,"",84.5,"",994.3,"",1019.6,"",21.4,"",8.9,""
"351180455","WIELU—","2022","02",.0,"8",3.9,"",3.6,"",6.1,"",76.5,"",990.1,"",1015.0,"",20.2,"",25.8,""
"351180455","WIELU—","2022","03",.0,"8",2.4,"",4.0,"",4.4,"",56.5,"",1002.5,"",1027.7,"",.1,"",11.1,""
"351180455","WIELU—","2022","04",.0,"8",2.8,"",6.9,"",6.8,"",69.5,"",989.3,"",1013.9,"",22.1,"",19.2,""
"351180455","WIELU—","2022","05",.0,"8",.0,"8",14.4,"",.0,"8",60.5,"",.0,"8",.0,"8",24.3,"",29.4,""
"351180455","WIELU—","2022","06",.0,"8",2.1,"",19.1,"",14.2,"",66.3,"",992.6,"",1016.3,"",60.7,"",13.9,""
"351180455","WIELU—","2022","07",.0,"8",2.3,"",19.4,"",13.5,"",63.3,"",994.3,"",1018.0,"",29.6,"",35.2,""
"351180455","WIELU—","2022","08",.0,"8",.0,"8",20.7,"",17.2,"",72.3,"",993.1,"",1016.6,"",92.0,"",37.1,""
"351180455","WIELU—","2022","09",.0,"8",2.0,"",12.8,"",11.5,"",78.6,"",989.4,"",1013.5,"",43.3,"",26.0,""
"351180455","WIELU—","2022","10",.0,"8",2.2,"",12.0,"",11.4,"",81.2,"",996.7,"",1021.0,"",19.0,"",4.8,""
"351180455","WIELU—","2022","11",.0,"8",2.2,"",4.4,"",7.6,"",88.5,"",993.3,"",1018.2,"",1.0,"",4.9,""
"351180455","WIELU—","2022","12",.0,"8",2.7,"",.8,"",6.0,"",89.3,"",991.5,"",1016.7,"",16.9,"",12.2,""
"351190465","£”Dè-LUBLINEK","2022","01",6.5,"",4.7,"",.8,"",5.8,"",85.7,"",995.5,"",1018.3,"",54.5,"",20.4,""
"351190465","£”Dè-LUBLINEK","2022","02",5.8,"",4.7,"",3.2,"",6.0,"",77.4,"",991.5,"",1014.0,"",27.2,"",25.4,""
"351190465","£”Dè-LUBLINEK","2022","03",3.0,"",2.9,"",2.9,"",4.3,"",58.8,"",1005.2,"",1028.0,"",.0,"",4.1,""
"351190465","£”Dè-LUBLINEK","2022","04",5.8,"",3.5,"",6.5,"",6.7,"",70.0,"",991.3,"",1013.5,"",12.1,"",19.9,""
"351190465","£”Dè-LUBLINEK","2022","05",4.7,"",3.0,"",13.6,"",9.2,"",62.0,"",995.8,"",1017.6,"",14.5,"",15.1,""
"351190465","£”Dè-LUBLINEK","2022","06",4.2,"",2.6,"",18.6,"",14.3,"",69.2,"",994.9,"",1016.2,"",51.3,"",28.5,""
"351190465","£”Dè-LUBLINEK","2022","07",4.9,"",3.0,"",18.8,"",14.1,"",68.3,"",996.3,"",1017.6,"",40.6,"",59.1,""
"351190465","£”Dè-LUBLINEK","2022","08",4.5,"",2.3,"",20.6,"",17.8,"",75.1,"",995.5,"",1016.7,"",26.3,"",27.0,""
"351190465","£”Dè-LUBLINEK","2022","09",5.1,"",2.7,"",12.1,"",10.8,"",78.0,"",991.7,"",1013.5,"",26.1,"",27.6,""
"351190465","£”Dè-LUBLINEK","2022","10",4.8,"",2.3,"",10.7,"",11.0,"",84.3,"",998.7,"",1020.7,"",12.4,"",10.1,""
"351190465","£”Dè-LUBLINEK","2022","11",6.7,"",2.5,"",3.8,"",7.3,"",88.1,"",995.9,"",1018.4,"",9.1,"",3.2,""
"351190465","£”Dè-LUBLINEK","2022","12",7.3,"",3.2,"",.8,"",5.9,"",87.9,"",993.7,"",1016.5,"",20.1,"",30.5,""
"351190469","SULEJ”W","2022","01",.0,"8",5.1,"",.6,"",5.8,"",88.1,"",994.6,"",1018.6,"",24.7,"",6.9,""
"351190469","SULEJ”W","2022","02",.0,"8",5.3,"",3.0,"",.0,"8",.0,"8",990.9,"",1014.6,"",19.1,"",17.4,""
"351190469","SULEJ”W","2022","03",.0,"8",2.6,"",3.0,"",4.7,"",64.2,"",1003.9,"",1027.9,"",.2,"",7.0,""
"351190469","SULEJ”W","2022","04",.0,"8",3.6,"",6.5,"",7.2,"",75.6,"",990.1,"",1013.5,"",12.9,"",21.7,""
"351190469","SULEJ”W","2022","05",.0,"8",3.1,"",13.6,"",9.7,"",64.9,"",994.8,"",1017.7,"",15.5,"",18.9,""
"351190469","SULEJ”W","2022","06",.0,"8",2.5,"",18.5,"",14.7,"",71.3,"",993.8,"",1016.3,"",47.5,"",18.3,""
"351190469","SULEJ”W","2022","07",.0,"8",2.9,"",19.1,"",14.1,"",66.4,"",995.1,"",1017.6,"",14.6,"",37.5,""
"351190469","SULEJ”W","2022","08",.0,"8",2.1,"",20.6,"",17.5,"",74.5,"",994.2,"",1016.6,"",74.8,"",15.5,""
"351190469","SULEJ”W","2022","09",.0,"8",2.5,"",12.0,"",11.2,"",81.0,"",990.6,"",1013.5,"",46.3,"",25.1,""
"351190469","SULEJ”W","2022","10",.0,"8",2.6,"",10.8,"",11.2,"",85.6,"",997.9,"",1021.1,"",15.1,"",13.6,""
"351190469","SULEJ”W","2022","11",.0,"8",2.3,"",3.7,"",7.4,"",90.0,"",994.9,"",1018.6,"",9.7,"",5.3,""
"351190469","SULEJ”W","2022","12",.0,"8",3.5,"",.4,"",5.8,"",88.6,"",992.8,"",1016.8,"",22.8,"",21.1,""
"351210488","KOZIENICE","2022","01",6.5,"",3.5,"",.7,"",5.5,"",81.6,"",1001.2,"",1017.2,"",36.4,"",15.5,""
"351210488","KOZIENICE","2022","02",5.7,"",3.4,"",3.2,"",5.8,"",75.4,"",.0,"8",.0,"8",29.1,"",13.5,""
"351210488","KOZIENICE","2022","03",3.2,"",2.1,"",2.4,"",4.5,"",64.2,"",1011.8,"",1027.8,"",.6,"",16.9,""
"351210488","KOZIENICE","2022","04",6.1,"",2.6,"",6.8,"",7.0,"",72.3,"",997.5,"",1013.0,"",30.4,"",16.9,""
"351210488","KOZIENICE","2022","05",4.7,"",2.4,"",13.3,"",9.3,"",63.5,"",1002.1,"",1017.4,"",17.4,"",19.2,""
"351210488","KOZIENICE","2022","06",4.0,"",2.1,"",18.9,"",14.5,"",69.2,"",1001.2,"",1016.2,"",24.6,"",17.4,""
"351210488","KOZIENICE","2022","07",5.0,"",2.2,"",19.1,"",14.6,"",69.0,"",1002.1,"",1017.0,"",33.1,"",45.9,""
"351210488","KOZIENICE","2022","08",4.6,"",1.7,"",20.5,"",16.9,"",72.3,"",1001.7,"",1016.6,"",11.7,"",25.5,""
"351210488","KOZIENICE","2022","09",5.3,"",1.9,"",11.5,"",10.6,"",79.6,"",998.1,"",1013.4,"",13.0,"",43.6,""
"351210488","KOZIENICE","2022","10",4.8,"",2.0,"",10.8,"",11.0,"",84.2,"",1005.3,"",1020.8,"",7.1,"",11.7,""
"351210488","KOZIENICE","2022","11",6.8,"",1.8,"",3.9,"",7.6,"",90.1,"",1003.1,"",1018.9,"",17.7,"",8.3,""
"351210488","KOZIENICE","2022","12",7.1,"",2.4,"",.4,"",5.8,"",89.4,"",1000.9,"",1016.9,"",32.3,"",27.4,""
"351220495","LUBLIN-RADAWIEC","2022","01",.0,"8",4.5,"",-.2,"",5.3,"",85.0,"",987.2,"",1017.3,"",27.3,"",11.3,""
"351220495","LUBLIN-RADAWIEC","2022","02",.0,"8",4.2,"",2.2,"",5.8,"",81.1,"",984.9,"",1014.7,"",26.6,"",8.2,""
"351220495","LUBLIN-RADAWIEC","2022","03",.0,"8",2.8,"",2.4,"",4.7,"",65.2,"",997.6,"",1027.8,"",1.0,"",13.5,""
"351220495","LUBLIN-RADAWIEC","2022","04",.0,"8",3.1,"",6.1,"",7.2,"",76.9,"",983.8,"",1013.1,"",28.7,"",16.9,""
"351220495","LUBLIN-RADAWIEC","2022","05",.0,"8",2.7,"",13.2,"",9.9,"",66.3,"",988.8,"",1017.5,"",14.2,"",10.9,""
"351220495","LUBLIN-RADAWIEC","2022","06",.0,"8",2.4,"",18.8,"",14.8,"",70.4,"",988.1,"",1016.3,"",32.4,"",1.6,""
"351220495","LUBLIN-RADAWIEC","2022","07",.0,"8",.0,"8",18.8,"",15.0,"",70.8,"",988.8,"",1017.0,"",24.5,"",58.2,""
"351220495","LUBLIN-RADAWIEC","2022","08",.0,"8",2.0,"",20.7,"",16.8,"",70.4,"",988.5,"",1016.5,"",13.4,"",14.3,""
"351220495","LUBLIN-RADAWIEC","2022","09",.0,"8",2.4,"",11.6,"",10.6,"",79.5,"",984.7,"",1013.5,"",33.2,"",25.9,""
"351220495","LUBLIN-RADAWIEC","2022","10",.0,"8",2.5,"",10.5,"",10.8,"",84.5,"",992.2,"",1021.3,"",9.6,"",10.5,""
"351220495","LUBLIN-RADAWIEC","2022","11",.0,"8",2.3,"",3.5,"",7.4,"",90.8,"",989.5,"",1019.2,"",17.6,"",9.9,""
"351220495","LUBLIN-RADAWIEC","2022","12",.0,"8",3.2,"",-.4,"",5.4,"",89.1,"",987.4,"",1017.5,"",27.2,"",31.7,""
"351230497","W£ODAWA","2022","01",6.6,"",5.7,"",.0,"",5.3,"",83.1,"",993.4,"",1016.0,"",16.7,"",12.1,""
"351230497","W£ODAWA","2022","02",5.6,"",5.4,"",2.3,"",5.7,"",79.1,"",991.7,"",1014.0,"",28.7,"",11.1,""
"351230497","W£ODAWA","2022","03",3.6,"",3.5,"",2.5,"",4.5,"",61.5,"",1004.9,"",1027.5,"",.4,"",20.1,""
"351230497","W£ODAWA","2022","04",.0,"8",3.8,"",6.1,"",7.0,"",74.6,"",990.7,"",1012.7,"",20.4,"",22.5,""
"351230497","W£ODAWA","2022","05",.0,"8",3.6,"",13.3,"",9.5,"",63.6,"",995.6,"",1017.1,"",37.9,"",13.7,""
"351230497","W£ODAWA","2022","06",.0,"8",3.0,"",19.6,"",14.6,"",66.7,"",995.0,"",1016.0,"",39.4,"",1.9,""
"351230497","W£ODAWA","2022","07",.0,"8",.0,"8",19.3,"",15.3,"",70.5,"",995.3,"",1016.4,"",56.2,"",57.7,""
"351230497","W£ODAWA","2022","08",.0,"8",2.5,"",20.4,"",17.5,"",75.1,"",995.7,"",1016.7,"",42.7,"",35.9,""
"351230497","W£ODAWA","2022","09",.0,"8",.0,"8",11.2,"",.0,"8",.0,"8",.0,"8",.0,"8",68.7,"",41.7,""
"351230497","W£ODAWA","2022","10",.0,"8",3.3,"",10.4,"",10.8,"",85.8,"",999.0,"",1020.9,"",8.5,"",18.1,""
"351230497","W£ODAWA","2022","11",.0,"8",2.8,"",3.4,"",7.6,"",93.4,"",997.1,"",1019.4,"",13.1,"",13.7,""
"351230497","W£ODAWA","2022","12",.0,"8",4.4,"",-.6,"",5.5,"",90.9,"",994.9,"",1017.6,"",33.5,"",34.4,""
"352140310","S£UBICE","2022","01",.0,"8",3.7,"",3.0,"",6.5,"",83.2,"",1013.0,"",1019.8,"",25.6,"",14.8,""
"352140310","S£UBICE","2022","02",.0,"8",.0,"8",4.9,"",.0,"8",74.3,"",.0,"8",.0,"8",33.5,"",26.8,""
"352140310","S£UBICE","2022","03",.0,"8",.0,"8",4.5,"",.0,"8",58.5,"",.0,"8",.0,"8",.0,"",.5,""
"352140310","S£UBICE","2022","04",.0,"8",3.3,"",8.1,"",6.5,"",61.3,"",1007.6,"",1014.3,"",21.0,"",8.8,""
"352140310","S£UBICE","2022","05",.0,"8",2.9,"",15.2,"",9.2,"",55.8,"",1010.9,"",1017.5,"",9.0,"",10.2,""
"352140310","S£UBICE","2022","06",.0,"8",.0,"8",19.7,"",12.6,"",57.8,"",1009.5,"",1015.9,"",18.4,"",27.9,""
"352140310","S£UBICE","2022","07",.0,"8",2.6,"",19.8,"",12.0,"",55.8,"",1012.2,"",1018.7,"",8.5,"",16.5,""
"352140310","S£UBICE","2022","08",.0,"8",2.2,"",21.2,"",15.4,"",64.2,"",1010.8,"",1017.1,"",34.1,"",39.6,""
"352140310","S£UBICE","2022","09",.0,"8",2.4,"",13.6,"",10.9,"",71.9,"",1006.4,"",1012.9,"",34.3,"",7.1,""
"352140310","S£UBICE","2022","10",.0,"8",2.7,"",12.6,"",12.2,"",83.4,"",1012.8,"",1019.4,"",20.0,"",2.9,""
"352140310","S£UBICE","2022","11",.0,"8",2.8,"",5.6,"",8.3,"",88.6,"",1009.7,"",1016.5,"",5.8,"",16.5,""
"352140310","S£UBICE","2022","12",.0,"8",2.9,"",1.6,"",6.5,"",90.6,"",1008.3,"",1015.1,"",12.9,"",24.4,""
"352150300","GORZ”W WIELKOPOLSKI","2022","01",.0,"8",3.4,"",2.4,"",6.6,"",89.3,"",1009.6,"",1018.9,"",37.0,"",18.2,""
"352150300","GORZ”W WIELKOPOLSKI","2022","02",.0,"8",3.9,"",4.4,"",6.8,"",81.5,"",1003.3,"",1012.5,"",35.9,"",37.5,""
"352150300","GORZ”W WIELKOPOLSKI","2022","03",.0,"8",2.7,"",4.8,"",5.1,"",60.8,"",1018.5,"",1027.8,"",.0,"",1.5,""
"352150300","GORZ”W WIELKOPOLSKI","2022","04",.0,"8",3.2,"",8.0,"",6.8,"",64.4,"",1005.0,"",1014.1,"",15.9,"",9.0,""
"352150300","GORZ”W WIELKOPOLSKI","2022","05",.0,"8",2.7,"",14.7,"",9.7,"",60.0,"",1008.5,"",1017.4,"",13.2,"",11.1,""
"352150300","GORZ”W WIELKOPOLSKI","2022","06",.0,"8",2.4,"",19.4,"",13.5,"",62.4,"",1007.2,"",1016.0,"",17.6,"",34.0,""
"352150300","GORZ”W WIELKOPOLSKI","2022","07",.0,"8",2.6,"",19.5,"",13.4,"",61.9,"",1009.7,"",1018.4,"",41.8,"",16.5,""
"352150300","GORZ”W WIELKOPOLSKI","2022","08",.0,"8",2.4,"",21.6,"",16.1,"",64.9,"",1008.5,"",1017.2,"",12.8,"",15.4,""
"352150300","GORZ”W WIELKOPOLSKI","2022","09",.0,"8",2.4,"",13.5,"",11.1,"",73.9,"",1004.0,"",1013.0,"",28.6,"",136.0,""
"352150300","GORZ”W WIELKOPOLSKI","2022","10",.0,"8",2.1,"",12.0,"",11.9,"",85.1,"",1010.2,"",1019.2,"",12.1,"",8.7,""
"352150300","GORZ”W WIELKOPOLSKI","2022","11",.0,"8",2.4,"",5.0,"",8.1,"",90.3,"",1007.5,"",1016.7,"",9.3,"",14.1,""
"352150300","GORZ”W WIELKOPOLSKI","2022","12",.0,"8",2.5,"",1.1,"",6.3,"",90.1,"",1005.7,"",1015.1,"",24.3,"",18.3,""
"352160330","POZNA—-£AWICA","2022","01",6.3,"",5.0,"",1.7,"",6.4,"",89.0,"",1007.4,"",1018.5,"",30.3,"",15.8,""
"352160330","POZNA—-£AWICA","2022","02",6.1,"",5.5,"",4.3,"",6.5,"",78.3,"",1001.9,"",1012.9,"",20.7,"",36.5,""
"352160330","POZNA—-£AWICA","2022","03",2.9,"",3.4,"",4.3,"",4.6,"",56.9,"",1016.8,"",1027.9,"",.0,"",2.1,""
"352160330","POZNA—-£AWICA","2022","04",5.5,"",4.3,"",7.9,"",6.6,"",63.2,"",1003.0,"",1013.8,"",21.5,"",14.8,""
"352160330","POZNA—-£AWICA","2022","05",4.7,"",3.8,"",14.9,"",9.3,"",57.1,"",1006.8,"",1017.4,"",6.9,"",15.7,""
"352160330","POZNA—-£AWICA","2022","06",4.1,"",3.5,"",19.9,"",13.3,"",60.5,"",1005.5,"",1016.0,"",29.1,"",34.3,""
"352160330","POZNA—-£AWICA","2022","07",4.3,"",4.1,"",20.2,"",13.2,"",59.1,"",1007.6,"",1018.1,"",16.2,"",6.5,""
"352160330","POZNA—-£AWICA","2022","08",4.4,"",3.2,"",22.1,"",16.4,"",64.4,"",1006.5,"",1016.9,"",22.8,"",30.0,""
"352160330","POZNA—-£AWICA","2022","09",5.1,"",3.3,"",13.4,"",11.0,"",73.5,"",1002.5,"",1013.2,"",18.1,"",13.5,""
"352160330","POZNA—-£AWICA","2022","10",4.8,"",3.0,"",12.0,"",11.7,"",83.5,"",1008.9,"",1019.7,"",21.2,"",7.1,""
"352160330","POZNA—-£AWICA","2022","11",6.7,"",3.4,"",4.8,"",8.0,"",89.6,"",1006.3,"",1017.4,"",3.7,"",12.6,""
"352160330","POZNA—-£AWICA","2022","12",7.1,"",3.8,"",1.3,"",6.3,"",89.3,"",1004.4,"",1015.5,"",14.1,"",21.1,""
"352190360","P£OCK","2022","01",.0,"8",.0,"8",1.1,"",.0,"8",85.2,"",.0,"8",.0,"8",18.1,"",9.8,""
"352190360","P£OCK","2022","02",.0,"8",.0,"8",3.3,"",.0,"8",79.6,"",.0,"8",.0,"8",12.1,"",26.3,""
"352190360","P£OCK","2022","03",.0,"8",2.8,"",3.3,"",4.8,"",63.1,"",1014.3,"",1028.1,"",.0,"",.0,""
"352190360","P£OCK","2022","04",.0,"8",3.7,"",6.9,"",.0,"8",67.3,"",999.8,"",1013.2,"",18.4,"",6.4,""
"352190360","P£OCK","2022","05",.0,"8",3.2,"",13.3,"",9.4,"",63.8,"",1004.0,"",1017.2,"",17.7,"",16.4,""
"352190360","P£OCK","2022","06",.0,"8",2.6,"",18.4,"",14.8,"",71.8,"",1003.2,"",1016.1,"",36.5,"",25.4,""
"352190360","P£OCK","2022","07",.0,"8",2.8,"",18.5,"",14.4,"",69.7,"",1004.4,"",1017.4,"",36.2,"",50.7,""
"352190360","P£OCK","2022","08",.0,"8",2.3,"",20.9,"",17.5,"",72.2,"",1004.1,"",1016.9,"",10.0,"",24.7,""
"352190360","P£OCK","2022","09",.0,"8",2.7,"",11.9,"",10.5,"",77.5,"",1000.1,"",1013.3,"",4.8,"",14.9,""
"352190360","P£OCK","2022","10",.0,"8",2.6,"",11.0,"",11.3,"",85.8,"",1006.5,"",1019.9,"",16.4,"",9.3,""
"352190360","P£OCK","2022","11",.0,"8",2.9,"",4.2,"",7.7,"",89.2,"",1004.6,"",1018.3,"",.4,"",4.7,""
"352190360","P£OCK","2022","12",.0,"8",3.7,"",.5,"",5.9,"",90.0,"",1002.1,"",1015.9,"",7.5,"",14.3,""
"352200375","WARSZAWA-OK CIE","2022","01",6.2,"",4.7,"",1.1,"",5.7,"",83.3,"",1003.1,"",1016.6,"",26.7,"",12.1,""
"352200375","WARSZAWA-OK CIE","2022","02",5.7,"",4.2,"",3.4,"",6.0,"",76.6,"",999.7,"",1013.0,"",22.2,"",17.0,""
"352200375","WARSZAWA-OK CIE","2022","03",3.0,"",3.2,"",3.6,"",4.5,"",58.1,"",1014.4,"",1027.9,"",1.6,"",.1,""
"352200375","WARSZAWA-OK CIE","2022","04",5.8,"",3.5,"",7.2,"",6.8,"",67.7,"",999.9,"",1013.0,"",26.4,"",20.2,""
"352200375","WARSZAWA-OK CIE","2022","05",4.5,"",3.4,"",14.2,"",9.2,"",58.7,"",1004.3,"",1017.1,"",15.6,"",23.9,""
"352200375","WARSZAWA-OK CIE","2022","06",4.0,"",3.1,"",19.8,"",14.5,"",64.8,"",1003.4,"",1016.0,"",26.5,"",6.8,""
"352200375","WARSZAWA-OK CIE","2022","07",4.6,"",3.5,"",19.5,"",14.7,"",66.8,"",1004.4,"",1017.0,"",54.7,"",41.5,""
"352200375","WARSZAWA-OK CIE","2022","08",4.3,"",2.9,"",22.0,"",17.2,"",66.7,"",1004.2,"",1016.7,"",23.1,"",6.5,""
"352200375","WARSZAWA-OK CIE","2022","09",5.0,"",3.0,"",12.5,"",10.4,"",74.4,"",1000.3,"",1013.2,"",8.7,"",35.5,""
"352200375","WARSZAWA-OK CIE","2022","10",4.8,"",2.7,"",11.2,"",11.2,"",84.1,"",1007.2,"",1020.3,"",16.5,"",11.2,""
"352200375","WARSZAWA-OK CIE","2022","11",6.8,"",2.9,"",4.2,"",7.7,"",88.8,"",1005.5,"",1018.7,"",10.4,"",4.8,""
"352200375","WARSZAWA-OK CIE","2022","12",7.0,"",3.3,"",.6,"",5.8,"",88.1,"",1003.1,"",1016.5,"",22.4,"",25.5,""
"352220385","SIEDLCE","2022","01",.0,"8",4.0,"",.2,"",5.5,"",84.5,"",996.3,"",1015.9,"",27.7,"",18.8,""
"352220385","SIEDLCE","2022","02",.0,"8",3.8,"",2.7,"",5.9,"",79.0,"",993.7,"",1013.1,"",21.8,"",18.6,""
"352220385","SIEDLCE","2022","03",.0,"8",2.2,"",2.3,"",4.5,"",64.3,"",1008.2,"",1027.9,"",.6,"",4.8,""
"352220385","SIEDLCE","2022","04",.0,"8",2.6,"",6.2,"",6.9,"",73.2,"",993.8,"",1012.9,"",29.1,"",18.8,""
"352220385","SIEDLCE","2022","05",.0,"8",2.6,"",12.9,"",9.3,"",64.6,"",998.4,"",1017.1,"",21.7,"",15.4,""
"352220385","SIEDLCE","2022","06",.0,"8",2.3,"",19.0,"",14.8,"",69.9,"",997.8,"",1016.1,"",18.7,"",5.7,""
"352220385","SIEDLCE","2022","07",.0,"8",2.4,"",18.7,"",15.2,"",72.7,"",998.4,"",1016.8,"",34.6,"",58.1,""
"352220385","SIEDLCE","2022","08",.0,"8",1.7,"",20.4,"",17.1,"",73.6,"",998.7,"",1017.0,"",11.7,"",22.4,""
"352220385","SIEDLCE","2022","09",.0,"8",2.1,"",11.1,"",10.3,"",80.7,"",994.6,"",1013.4,"",30.1,"",52.5,""
"352220385","SIEDLCE","2022","10",.0,"8",2.3,"",10.8,"",10.9,"",84.0,"",1001.4,"",1020.4,"",10.4,"",10.9,""
"352220385","SIEDLCE","2022","11",.0,"8",2.1,"",3.4,"",7.4,"",89.9,"",999.7,"",1019.2,"",12.2,"",8.7,""
"352220385","SIEDLCE","2022","12",.0,"8",2.9,"",-.2,"",5.5,"",88.0,"",997.2,"",1016.9,"",21.7,"",21.1,""
"352230399","TERESPOL","2022","01",.0,"8",3.6,"",.2,"",5.4,"",83.9,"",997.9,"",1015.2,"",12.8,"",15.8,""
"352230399","TERESPOL","2022","02",.0,"8",3.6,"",2.6,"",5.9,"",79.0,"",996.1,"",1013.3,"",14.5,"",8.6,""
"352230399","TERESPOL","2022","03",.0,"8",2.5,"",2.5,"",4.5,"",62.7,"",1010.2,"",1027.6,"",.2,"",5.1,""
"352230399","TERESPOL","2022","04",.0,"8",.0,"8",6.3,"",.0,"8",75.4,"",.0,"8",.0,"8",22.7,"",18.6,""
"352230399","TERESPOL","2022","05",.0,"8",2.5,"",13.1,"",9.5,"",65.4,"",1000.3,"",1016.9,"",13.3,"",16.5,""
"352230399","TERESPOL","2022","06",.0,"8",2.3,"",19.4,"",15.0,"",69.4,"",999.8,"",1016.0,"",37.3,"",2.0,""
"352230399","TERESPOL","2022","07",.0,"8",2.4,"",19.1,"",16.0,"",74.5,"",1000.1,"",1016.3,"",52.9,"",73.2,""
"352230399","TERESPOL","2022","08",.0,"8",2.0,"",20.5,"",17.7,"",75.5,"",1000.8,"",1017.0,"",11.4,"",62.3,""
"352230399","TERESPOL","2022","09",.0,"8",2.0,"",11.1,"",10.6,"",82.2,"",996.6,"",1013.3,"",32.4,"",46.6,""
"352230399","TERESPOL","2022","10",.0,"8",2.2,"",10.3,"",10.8,"",85.9,"",1003.6,"",1020.4,"",5.1,"",24.0,""
"352230399","TERESPOL","2022","11",.0,"8",2.1,"",3.3,"",7.5,"",92.0,"",1002.3,"",1019.5,"",4.2,"",8.4,""
"352230399","TERESPOL","2022","12",.0,"8",2.9,"",-.5,"",5.4,"",88.7,"",999.9,"",1017.4,"",29.5,"",20.3,""
"353140200","åWINOUJåCIE","2022","01",.0,"8",4.7,"",3.3,"",6.9,"",87.1,"",1016.5,"",1017.3,"",21.5,"",13.4,""
"353140200","åWINOUJåCIE","2022","02",.0,"8",4.6,"",4.4,"",7.0,"",83.6,"",1009.1,"",1009.9,"",50.0,"",30.3,""
"353140200","åWINOUJåCIE","2022","03",.0,"8",3.7,"",4.2,"",5.8,"",71.5,"",1027.1,"",1027.9,"",.2,"",.2,""
"353140200","åWINOUJåCIE","2022","04",.0,"8",5.0,"",6.5,"",7.7,"",79.1,"",1013.6,"",1014.3,"",16.8,"",9.7,""
"353140200","åWINOUJåCIE","2022","05",.0,"8",3.6,"",13.1,"",11.2,"",75.2,"",1016.2,"",1016.9,"",37.8,"",31.6,""
"353140200","åWINOUJåCIE","2022","06",.0,"8",.0,"8",17.4,"",.0,"8",77.7,"",.0,"8",.0,"8",17.0,"",25.4,""
"353140200","åWINOUJåCIE","2022","07",.0,"8",3.8,"",18.6,"",15.1,"",71.7,"",1017.4,"",1018.1,"",25.4,"",26.8,""
"353140200","åWINOUJåCIE","2022","08",.0,"8",3.9,"",20.2,"",18.8,"",79.4,"",1017.1,"",1017.8,"",13.1,"",5.5,""
"353140200","åWINOUJåCIE","2022","09",.0,"8",3.8,"",13.7,"",12.0,"",77.3,"",1011.8,"",1012.5,"",19.0,"",9.1,""
"353140200","åWINOUJåCIE","2022","10",.0,"8",3.3,"",12.1,"",12.1,"",86.0,"",1017.1,"",1017.8,"",8.4,"",8.6,""
"353140200","åWINOUJåCIE","2022","11",.0,"8",3.4,"",6.2,"",8.5,"",86.7,"",1014.9,"",1015.7,"",7.6,"",4.6,""
"353140200","åWINOUJåCIE","2022","12",.0,"8",3.3,"",1.0,"",6.2,"",90.2,"",1013.0,"",1013.8,"",19.6,"",32.5,""
"353140205","SZCZECIN","2022","01",.0,"8",4.4,"",3.2,"",6.7,"",84.5,"",1017.2,"",1018.1,"",17.7,"",17.5,""
"353140205","SZCZECIN","2022","02",.0,"8",4.9,"",4.7,"",6.8,"",79.5,"",1010.1,"",1011.0,"",29.8,"",28.0,""
"353140205","SZCZECIN","2022","03",.0,"8",3.3,"",4.3,"",5.3,"",65.0,"",1026.9,"",1027.9,"",.0,"",.7,""
"353140205","SZCZECIN","2022","04",.0,"8",.0,"8",7.7,"",.0,"8",68.2,"",1013.3,"",1014.2,"",14.1,"",10.6,""
"353140205","SZCZECIN","2022","05",.0,"8",3.1,"",14.0,"",10.4,"",66.8,"",1016.2,"",1017.1,"",18.0,"",15.4,""
"353140205","SZCZECIN","2022","06",.0,"8",2.8,"",18.5,"",14.5,"",69.5,"",1015.3,"",1016.1,"",22.5,"",7.1,""
"353140205","SZCZECIN","2022","07",.0,"8",2.9,"",18.9,"",14.4,"",67.8,"",1017.8,"",1018.3,"",49.5,"",18.0,""
"353140205","SZCZECIN","2022","08",.0,"8",2.3,"",20.8,"",17.8,"",73.9,"",1016.6,"",1017.5,"",51.1,"",22.7,""
"353140205","SZCZECIN","2022","09",.0,"8",2.6,"",13.1,"",11.7,"",79.2,"",1011.8,"",1012.7,"",22.7,"",26.4,""
"353140205","SZCZECIN","2022","10",.0,"8",2.8,"",12.1,"",12.1,"",85.2,"",1017.9,"",1018.4,"",12.4,"",9.3,""
"353140205","SZCZECIN","2022","11",.0,"8",3.5,"",6.0,"",8.3,"",86.3,"",1015.2,"",1016.1,"",8.8,"",7.3,""
"353140205","SZCZECIN","2022","12",.0,"8",3.0,"",1.5,"",6.2,"",87.2,"",1013.4,"",1014.4,"",22.5,"",12.5,""
"353150210","RESKO-SM”LSKO","2022","01",.0,"8",.0,"8",2.4,"",.0,"8",84.9,"",.0,"8",.0,"8",26.4,"",11.7,""
"353150210","RESKO-SM”LSKO","2022","02",.0,"8",5.2,"",3.8,"",.0,"8",80.3,"",1003.7,"",1010.3,"",45.7,"",53.7,""
"353150210","RESKO-SM”LSKO","2022","03",.0,"8",2.6,"",3.6,"",5.0,"",65.0,"",1021.3,"",1028.0,"",.0,"",.0,""
"353150210","RESKO-SM”LSKO","2022","04",.0,"8",3.9,"",6.5,"",6.6,"",69.4,"",1007.5,"",1014.0,"",17.5,"",13.1,""
"353150210","RESKO-SM”LSKO","2022","05",.0,"8",3.1,"",12.5,"",9.9,"",69.9,"",1010.6,"",1017.0,"",23.7,"",47.0,""
"353150210","RESKO-SM”LSKO","2022","06",.0,"8",2.5,"",17.1,"",.0,"8",72.8,"",1009.8,"",1016.1,"",25.4,"",15.2,""
"353150210","RESKO-SM”LSKO","2022","07",.0,"8",.0,"8",17.9,"",.0,"8",71.6,"",.0,"8",.0,"8",45.2,"",35.0,""
"353150210","RESKO-SM”LSKO","2022","08",.0,"8",2.4,"",20.1,"",.0,"8",73.6,"",1011.3,"",1017.6,"",34.2,"",8.8,""
"353150210","RESKO-SM”LSKO","2022","09",.0,"8",.0,"8",12.6,"",.0,"8",78.2,"",.0,"8",.0,"8",42.9,"",20.2,""
"353150210","RESKO-SM”LSKO","2022","10",.0,"8",.0,"8",11.6,"",.0,"8",85.3,"",.0,"8",.0,"8",8.2,"",9.2,""
"353150210","RESKO-SM”LSKO","2022","11",.0,"8",.0,"8",5.4,"",.0,"8",.0,"8",.0,"8",.0,"8",6.3,"",15.0,""
"353150210","RESKO-SM”LSKO","2022","12",.0,"8",.0,"8",.0,"8",.0,"8",.0,"8",.0,"8",.0,"8",16.7,"",22.4,""
"353160230","PI£A","2022","01",.0,"8",.0,"8",1.6,"",.0,"8",88.7,"",.0,"8",.0,"8",25.9,"",22.5,""
"353160230","PI£A","2022","02",.0,"8",.0,"8",3.7,"",.0,"8",82.3,"",.0,"8",.0,"8",28.3,"",45.9,""
"353160230","PI£A","2022","03",.0,"8",.0,"8",3.4,"",.0,"8",63.3,"",.0,"8",.0,"8",.1,"",.0,""
"353160230","PI£A","2022","04",.0,"8",2.6,"",7.3,"",6.5,"",64.8,"",1004.6,"",1013.7,"",14.2,"",16.5,""
"353160230","PI£A","2022","05",.0,"8",2.3,"",13.4,"",9.4,"",63.5,"",1008.2,"",1017.1,"",26.7,"",16.1,""
"353160230","PI£A","2022","06",.0,"8",2.1,"",18.7,"",13.4,"",65.0,"",1007.2,"",1016.0,"",24.5,"",6.0,""
"353160230","PI£A","2022","07",.0,"8",2.4,"",19.2,"",13.7,"",64.6,"",1009.1,"",1017.9,"",27.4,"",9.0,""
"353160230","PI£A","2022","08",.0,"8",1.9,"",21.6,"",16.5,"",66.6,"",1008.4,"",1017.1,"",24.1,"",36.1,""
"353160230","PI£A","2022","09",.0,"8",1.9,"",12.6,"",10.9,"",76.9,"",1004.2,"",1013.1,"",22.9,"",13.5,""
"353160230","PI£A","2022","10",.0,"8",1.6,"",10.7,"",11.5,"",89.0,"",1010.1,"",1019.1,"",29.3,"",4.5,""
"353160230","PI£A","2022","11",.0,"8",2.1,"",4.5,"",8.0,"",90.7,"",1008.0,"",1017.2,"",5.3,"",11.3,""
"353160230","PI£A","2022","12",.0,"8",2.2,"",.7,"",6.1,"",90.3,"",1005.7,"",1015.1,"",17.6,"",15.2,""
"353170235","CHOJNICE","2022","01",.0,"8",4.6,"",1.0,"",5.9,"",86.4,"",994.6,"",1016.2,"",16.4,"",19.1,""
"353170235","CHOJNICE","2022","02",.0,"8",5.2,"",2.6,"",6.1,"",82.5,"",989.1,"",1010.5,"",22.9,"",48.5,""
"353170235","CHOJNICE","2022","03",.0,"8",2.9,"",3.1,"",4.6,"",62.5,"",1006.8,"",1028.5,"",.2,"",.0,""
"353170235","CHOJNICE","2022","04",.0,"8",4.0,"",6.3,"",6.1,"",65.0,"",992.6,"",1013.8,"",12.6,"",9.2,""
"353170235","CHOJNICE","2022","05",.0,"8",3.3,"",12.2,"",8.9,"",64.4,"",996.3,"",1017.1,"",24.6,"",30.8,""
"353170235","CHOJNICE","2022","06",.0,"8",2.7,"",17.4,"",13.2,"",68.8,"",995.9,"",1016.3,"",35.9,"",6.4,""
"353170235","CHOJNICE","2022","07",.0,"8",3.0,"",17.9,"",13.6,"",68.7,"",997.4,"",1017.8,"",30.0,"",22.1,""
"353170235","CHOJNICE","2022","08",.0,"8",2.6,"",20.5,"",16.4,"",70.3,"",997.4,"",1017.6,"",17.5,"",22.7,""
"353170235","CHOJNICE","2022","09",.0,"8",2.8,"",11.7,"",10.5,"",78.4,"",992.6,"",1013.4,"",32.3,"",24.9,""
"353170235","CHOJNICE","2022","10",.0,"8",2.9,"",10.6,"",11.3,"",88.1,"",998.0,"",1018.9,"",10.7,"",12.3,""
"353170235","CHOJNICE","2022","11",.0,"8",2.9,"",3.9,"",7.9,"",92.7,"",996.2,"",1017.6,"",8.4,"",10.8,""
"353170235","CHOJNICE","2022","12",.0,"8",3.4,"",-.4,"",5.8,"",92.2,"",993.1,"",1014.8,"",15.6,"",23.5,""
"353180250","TORU—","2022","01",6.4,"",3.3,"",1.4,"",6.2,"",88.2,"",1007.4,"",1016.5,"",23.3,"",14.6,""
"353180250","TORU—","2022","02",5.8,"",3.5,"",3.6,"",6.4,"",80.9,"",1002.5,"",1011.5,"",16.2,"",37.1,""
"353180250","TORU—","2022","03",3.0,"",2.2,"",3.2,"",4.6,"",61.3,"",1019.0,"",1028.1,"",.0,"",.0,""
"353180250","TORU—","2022","04",.0,"8",3.1,"",7.3,"",6.4,"",63.4,"",1004.5,"",1013.4,"",12.9,"",20.8,""
"353180250","TORU—","2022","05",.0,"8",2.6,"",13.9,"",9.0,"",59.4,"",1008.3,"",1017.0,"",11.0,"",22.6,""
"353180250","TORU—","2022","06",.0,"8",2.4,"",18.9,"",14.2,"",68.0,"",1007.4,"",1016.0,"",52.6,"",23.7,""
"353180250","TORU—","2022","07",.0,"8",2.5,"",19.4,"",14.4,"",66.5,"",1008.9,"",1017.5,"",38.2,"",28.3,""
"353180250","TORU—","2022","08",.0,"8",2.2,"",21.7,"",17.1,"",68.1,"",1008.5,"",1017.0,"",48.5,"",36.8,""
"353180250","TORU—","2022","09",.0,"8",2.2,"",12.3,"",10.9,"",78.5,"",1004.4,"",1013.2,"",42.2,"",22.3,""
"353180250","TORU—","2022","10",.0,"8",2.1,"",11.0,"",11.6,"",87.2,"",1010.5,"",1019.4,"",21.0,"",8.8,""
"353180250","TORU—","2022","11",.0,"8",2.3,"",4.4,"",7.9,"",89.9,"",1008.8,"",1017.8,"",1.7,"",12.9,""
"353180250","TORU—","2022","12",.0,"8",2.6,"",.7,"",6.0,"",89.9,"",1006.3,"",1015.4,"",12.6,"",22.5,""
"353200270","M£AWA","2022","01",.0,"8",4.6,"",.6,"",5.7,"",86.2,"",996.9,"",1015.6,"",26.2,"",20.7,""
"353200270","M£AWA","2022","02",.0,"8",4.7,"",2.5,"",6.0,"",81.7,"",993.1,"",1011.5,"",18.9,"",35.4,""
"353200270","M£AWA","2022","03",.0,"8",2.5,"",2.9,"",4.4,"",59.8,"",1009.4,"",1028.2,"",.0,"",.1,""
"353200270","M£AWA","2022","04",.0,"8",3.5,"",6.8,"",6.3,"",63.9,"",994.8,"",1013.0,"",4.2,"",18.8,""
"353200270","M£AWA","2022","05",.0,"8",3.2,"",12.9,"",9.0,"",61.9,"",999.0,"",1016.9,"",10.1,"",18.6,""
"353200270","M£AWA","2022","06",.0,"8",2.5,"",18.4,"",14.7,"",71.4,"",998.6,"",1016.2,"",26.7,"",31.9,""
"353200270","M£AWA","2022","07",.0,"8",3.0,"",18.6,"",14.2,"",68.7,"",999.5,"",1017.1,"",26.9,"",33.4,""
"353200270","M£AWA","2022","08",.0,"8",2.5,"",21.5,"",17.1,"",68.5,"",999.8,"",1017.1,"",21.1,"",21.3,""
"353200270","M£AWA","2022","09",.0,"8",2.6,"",11.7,"",10.3,"",77.5,"",995.3,"",1013.2,"",15.4,"",30.6,""
"353200270","M£AWA","2022","10",.0,"8",2.6,"",10.5,"",11.1,"",87.1,"",1001.5,"",1019.6,"",23.4,"",17.6,""
"353200270","M£AWA","2022","11",.0,"8",2.5,"",3.6,"",7.7,"",91.1,"",1000.0,"",1018.5,"",.9,"",5.3,""
"353200270","M£AWA","2022","12",.0,"8",3.2,"",-.4,"",5.7,"",91.3,"",997.2,"",1015.9,"",25.0,"",25.4,""
"353200272","OLSZTYN","2022","01",.0,"8",4.0,"",.8,"",6.0,"",90.5,"",997.2,"",1014.4,"",35.7,"",28.5,""
"353200272","OLSZTYN","2022","02",.0,"8",3.8,"",2.4,"",6.2,"",84.4,"",993.2,"",1010.2,"",25.6,"",37.1,""
"353200272","OLSZTYN","2022","03",.0,"8",2.5,"",2.6,"",4.4,"",61.6,"",1010.9,"",1028.2,"",.0,"",.0,""
"353200272","OLSZTYN","2022","04",.0,"8",.0,"8",6.5,"",6.3,"",66.3,"",996.2,"",1013.0,"",10.1,"",12.1,""
"353200272","OLSZTYN","2022","05",.0,"8",.0,"8",12.1,"",9.1,"",66.0,"",1000.2,"",1016.7,"",22.6,"",12.9,""
"353200272","OLSZTYN","2022","06",.0,"8",2.4,"",17.9,"",14.6,"",73.8,"",999.9,"",1016.1,"",46.9,"",45.6,""
"353200272","OLSZTYN","2022","07",.0,"8",2.8,"",18.0,"",14.7,"",72.7,"",1000.8,"",1017.0,"",35.0,"",20.9,""
"353200272","OLSZTYN","2022","08",.0,"8",2.2,"",20.9,"",16.8,"",70.4,"",1001.4,"",1017.5,"",27.8,"",12.7,""
"353200272","OLSZTYN","2022","09",.0,"8",2.2,"",11.5,"",10.4,"",78.5,"",996.6,"",1013.1,"",20.9,"",31.8,""
"353200272","OLSZTYN","2022","10",.0,"8",2.4,"",10.8,"",11.1,"",85.4,"",1002.3,"",1018.9,"",7.2,"",9.0,""
"353200272","OLSZTYN","2022","11",.0,"8",2.4,"",4.0,"",7.6,"",88.3,"",1001.3,"",1018.3,"",2.0,"",4.3,""
"353200272","OLSZTYN","2022","12",.0,"8",2.7,"",-.5,"",5.6,"",90.6,"",998.1,"",1015.3,"",15.0,"",23.2,""
"353210280","MIKO£AJKI","2022","01",.0,"8",4.8,"",.3,"",5.7,"",88.3,"",997.6,"",1013.7,"",32.4,"",24.0,""
"353210280","MIKO£AJKI","2022","02",.0,"8",.0,"8",2.0,"",.0,"8",84.1,"",.0,"8",.0,"8",25.9,"",34.2,""
"353210280","MIKO£AJKI","2022","03",.0,"8",3.2,"",2.2,"",4.6,"",65.1,"",1011.9,"",1028.1,"",.4,"",.0,""
"353210280","MIKO£AJKI","2022","04",.0,"8",.0,"8",6.2,"",.0,"8",69.0,"",.0,"8",.0,"8",13.7,"",21.5,""
"353210280","MIKO£AJKI","2022","05",.0,"8",3.2,"",11.9,"",9.4,"",68.6,"",1001.0,"",1016.6,"",58.6,"",15.3,""
"353210280","MIKO£AJKI","2022","06",.0,"8",2.7,"",17.9,"",.0,"8",76.0,"",1000.9,"",1016.1,"",79.8,"",33.6,""
"353210280","MIKO£AJKI","2022","07",.0,"8",3.0,"",18.4,"",.0,"8",73.6,"",1001.4,"",1016.6,"",32.4,"",24.7,""
"353210280","MIKO£AJKI","2022","08",.0,"8",2.7,"",21.2,"",.0,"8",70.9,"",1002.5,"",1017.5,"",16.3,"",4.8,""
"353210280","MIKO£AJKI","2022","09",.0,"8",2.8,"",11.6,"",10.6,"",79.7,"",997.6,"",1013.1,"",23.0,"",10.3,""
"353210280","MIKO£AJKI","2022","10",.0,"8",3.1,"",10.8,"",11.2,"",86.4,"",1003.3,"",1018.9,"",8.9,"",8.2,""
"353210280","MIKO£AJKI","2022","11",.0,"8",3.1,"",3.6,"",7.6,"",91.0,"",1002.7,"",1018.8,"",4.7,"",4.8,""
"353210280","MIKO£AJKI","2022","12",.0,"8",3.6,"",-1.0,"",5.5,"",92.2,"",999.4,"",1015.7,"",24.2,"",20.5,""
"353230295","BIA£YSTOK","2022","01",6.4,"",3.0,"",-.3,"",5.3,"",85.8,"",994.8,"",1013.9,"",35.1,"",18.5,""
"353230295","BIA£YSTOK","2022","02",5.7,"",3.1,"",2.0,"",5.7,"",80.4,"",992.6,"",1011.6,"",22.2,"",21.2,""
"353230295","BIA£YSTOK","2022","03",3.0,"",2.0,"",1.7,"",4.2,"",62.3,"",1008.5,"",1027.8,"",.5,"",1.6,""
"353230295","BIA£YSTOK","2022","04",.0,"8",.0,"8",5.6,"",.0,"8",72.7,"",.0,"8",.0,"8",18.2,"",38.5,""
"353230295","BIA£YSTOK","2022","05",.0,"8",2.2,"",11.8,"",9.1,"",67.4,"",998.2,"",1016.6,"",45.7,"",10.8,""
"353230295","BIA£YSTOK","2022","06",.0,"8",.0,"8",18.3,"",15.0,"",73.2,"",998.0,"",1015.9,"",46.2,"",15.3,""
"353230295","BIA£YSTOK","2022","07",.0,"8",2.0,"",18.0,"",15.6,"",77.3,"",998.3,"",1016.3,"",66.2,"",63.3,""
"353230295","BIA£YSTOK","2022","08",.0,"8",1.7,"",20.1,"",17.0,"",74.6,"",999.5,"",1017.4,"",6.4,"",.3,""
"353230295","BIA£YSTOK","2022","09",.0,"8",1.7,"",10.4,"",10.2,"",82.5,"",994.8,"",1013.2,"",43.1,"",51.2,""
"353230295","BIA£YSTOK","2022","10",.0,"8",1.7,"",9.8,"",10.7,"",87.4,"",1001.0,"",1019.6,"",16.9,"",19.1,""
"353230295","BIA£YSTOK","2022","11",.0,"8",1.8,"",2.4,"",7.1,"",91.9,"",1000.3,"",1019.3,"",9.8,"",11.6,""
"353230295","BIA£YSTOK","2022","12",.0,"8",2.4,"",-1.2,"",5.3,"",90.3,"",997.3,"",1016.5,"",25.1,"",16.0,""
"354150100","KO£OBRZEG-DèWIRZYNO","2022","01",5.7,"",6.8,"",2.9,"",6.8,"",88.2,"",1015.6,"",1016.3,"",27.2,"",13.3,""
"354150100","KO£OBRZEG-DèWIRZYNO","2022","02",5.5,"",5.9,"",4.3,"",7.0,"",84.0,"",1008.7,"",1009.4,"",36.5,"",41.5,""
"354150100","KO£OBRZEG-DèWIRZYNO","2022","03",3.5,"",4.6,"",3.9,"",5.8,"",73.1,"",1027.3,"",1028.0,"",.0,"",.0,""
"354150100","KO£OBRZEG-DèWIRZYNO","2022","04",.0,"8",6.0,"",6.3,"",7.7,"",80.3,"",1013.3,"",1014.0,"",17.0,"",13.2,""
"354150100","KO£OBRZEG-DèWIRZYNO","2022","05",.0,"8",4.7,"",12.2,"",11.0,"",77.9,"",1016.1,"",1016.8,"",27.1,"",10.2,""
"354150100","KO£OBRZEG-DèWIRZYNO","2022","06",.0,"8",4.6,"",17.1,"",15.0,"",77.6,"",1015.4,"",1016.1,"",9.9,"",16.9,""
"354150100","KO£OBRZEG-DèWIRZYNO","2022","07",.0,"8",6.7,"",18.4,"",16.0,"",75.8,"",1017.1,"",1017.8,"",33.7,"",38.8,""
"354150100","KO£OBRZEG-DèWIRZYNO","2022","08",.0,"8",3.9,"",19.4,"",17.9,"",79.9,"",1017.0,"",1017.7,"",21.4,"",4.3,""
"354150100","KO£OBRZEG-DèWIRZYNO","2022","09",.0,"8",4.2,"",12.8,"",11.6,"",79.6,"",1011.9,"",1012.6,"",12.7,"",19.1,""
"354150100","KO£OBRZEG-DèWIRZYNO","2022","10",.0,"8",4.5,"",12.0,"",12.0,"",85.1,"",1017.0,"",1017.7,"",1.8,"",9.9,""
"354150100","KO£OBRZEG-DèWIRZYNO","2022","11",.0,"8",3.6,"",5.7,"",8.3,"",86.4,"",1015.4,"",1016.1,"",3.5,"",13.3,""
"354150100","KO£OBRZEG-DèWIRZYNO","2022","12",.0,"8",4.0,"",.8,"",6.1,"",89.3,"",1013.1,"",1013.8,"",33.7,"",29.9,""
"354160105","KOSZALIN","2022","01",6.0,"",4.5,"",2.6,"",6.4,"",84.9,"",1011.8,"",1016.1,"",29.4,"",17.1,""
"354160105","KOSZALIN","2022","02",6.0,"",4.8,"",3.9,"",6.6,"",81.7,"",1005.2,"",1009.4,"",43.0,"",65.4,""
"354160105","KOSZALIN","2022","03",3.5,"",2.7,"",3.8,"",5.2,"",66.7,"",1023.9,"",1028.2,"",.0,"",.0,""
"354160105","KOSZALIN","2022","04",.0,"8",3.5,"",6.3,"",6.9,"",72.4,"",1009.7,"",1013.9,"",16.5,"",9.8,""
"354160105","KOSZALIN","2022","05",.0,"8",3.2,"",12.4,"",9.9,"",70.5,"",1012.7,"",1016.9,"",26.2,"",44.2,""
"354160105","KOSZALIN","2022","06",.0,"8",.0,"8",17.4,"",13.9,"",72.1,"",1012.1,"",1016.2,"",7.0,"",12.3,""
"354160105","KOSZALIN","2022","07",.0,"8",.0,"8",18.2,"",15.0,"",73.2,"",1013.6,"",1017.7,"",31.9,"",42.7,""
"354160105","KOSZALIN","2022","08",.0,"8",2.2,"",20.4,"",17.2,"",72.9,"",1013.7,"",1017.7,"",19.7,"",6.3,""
"354160105","KOSZALIN","2022","09",.0,"8",.0,"8",13.1,"",11.2,"",75.6,"",1008.6,"",1012.8,"",34.7,"",41.3,""
"354160105","KOSZALIN","2022","10",.0,"8",.0,"8",11.8,"",11.8,"",84.4,"",1013.8,"",1017.9,"",3.9,"",24.3,""
"354160105","KOSZALIN","2022","11",.0,"8",2.7,"",5.4,"",8.1,"",86.2,"",1012.3,"",1016.5,"",7.0,"",19.1,""
"354160105","KOSZALIN","2022","12",.0,"8",2.8,"",.5,"",6.0,"",89.0,"",1009.7,"",1014.1,"",18.1,"",41.9,""
"354160115","USTKA","2022","01",.0,"8",7.5,"",2.9,"",6.4,"",83.0,"",1013.4,"",1014.9,"",17.9,"",14.6,""
"354160115","USTKA","2022","02",.0,"8",6.8,"",4.0,"",6.6,"",81.0,"",1006.9,"",1008.3,"",28.8,"",54.7,""
"354160115","USTKA","2022","03",.0,"8",4.3,"",3.6,"",5.4,"",69.7,"",1026.7,"",1028.2,"",.1,"",.2,""
"354160115","USTKA","2022","04",.0,"8",6.2,"",6.1,"",7.1,"",76.0,"",1012.2,"",1013.6,"",18.9,"",9.8,""
"354160115","USTKA","2022","05",.0,"8",4.7,"",11.6,"",10.3,"",75.6,"",1015.1,"",1016.5,"",13.2,"",16.4,""
"354160115","USTKA","2022","06",.0,"8",4.0,"",17.2,"",14.0,"",73.7,"",1014.6,"",1016.0,"",19.1,"",11.0,""
"354160115","USTKA","2022","07",.0,"8",5.4,"",18.3,"",15.6,"",74.4,"",1015.8,"",1017.2,"",40.8,"",30.9,""
"354160115","USTKA","2022","08",.0,"8",4.1,"",20.3,"",18.1,"",76.5,"",1016.3,"",1017.7,"",16.2,"",9.0,""
"354160115","USTKA","2022","09",.0,"8",4.1,"",12.9,"",11.6,"",78.4,"",1011.2,"",1012.6,"",44.0,"",63.9,""
"354160115","USTKA","2022","10",.0,"8",4.9,"",12.3,"",12.0,"",83.3,"",1016.0,"",1017.4,"",28.7,"",24.9,""
"354160115","USTKA","2022","11",.0,"8",3.9,"",5.8,"",8.3,"",85.8,"",1015.1,"",1016.5,"",6.1,"",14.6,""
"354160115","USTKA","2022","12",.0,"8",.0,"8",1.1,"",6.1,"",88.7,"",1012.2,"",1013.6,"",19.7,"",26.9,""
"354170120","£EBA","2022","01",6.3,"",6.8,"",2.4,"",6.3,"",84.7,"",1013.8,"",1014.2,"",20.9,"",26.3,""
"354170120","£EBA","2022","02",6.1,"",7.7,"",3.6,"",6.7,"",84.2,"",1007.5,"",1008.0,"",31.6,"",52.9,""
"354170120","£EBA","2022","03",3.3,"",3.8,"",3.1,"",5.5,"",72.6,"",1027.8,"",1028.3,"",.0,"",1.4,""
"354170120","£EBA","2022","04",4.8,"",5.7,"",5.7,"",7.0,"",76.3,"",1013.0,"",1013.5,"",16.5,"",10.4,""
"354170120","£EBA","2022","05",4.7,"",5.0,"",11.3,"",10.1,"",76.1,"",1016.0,"",1016.4,"",20.3,"",10.2,""
"354170120","£EBA","2022","06",4.2,"",4.1,"",16.9,"",14.4,"",76.3,"",1015.5,"",1015.9,"",18.8,"",8.7,""
"354170120","£EBA","2022","07",4.5,"",5.2,"",18.0,"",15.9,"",77.4,"",1016.5,"",1016.9,"",38.8,"",34.9,""
"354170120","£EBA","2022","08",4.1,"",3.3,"",20.1,"",18.4,"",78.6,"",1017.3,"",1017.7,"",29.2,"",8.3,""
"354170120","£EBA","2022","09",5.2,"",3.9,"",12.5,"",11.7,"",82.0,"",1012.3,"",1012.7,"",28.1,"",43.5,""
"354170120","£EBA","2022","10",5.2,"",4.7,"",11.8,"",12.0,"",86.4,"",1016.9,"",1017.3,"",4.7,"",23.2,""
"354170120","£EBA","2022","11",6.6,"",3.9,"",5.5,"",.0,"8",.0,"8",1016.3,"",1016.8,"",5.1,"",12.6,""
"354170120","£EBA","2022","12",6.6,"",4.5,"",.3,"",5.9,"",91.0,"",1013.2,"",1013.7,"",20.1,"",31.6,""
"354170125","L BORK","2022","01",.0,"8",4.7,"",2.2,"",6.5,"",87.8,"",1009.4,"",1014.4,"",41.1,"",33.2,""
"354170125","L BORK","2022","02",.0,"8",5.0,"",3.7,"",6.7,"",83.6,"",1003.4,"",1008.3,"",46.0,"",61.7,""
"354170125","L BORK","2022","03",.0,"8",2.6,"",3.2,"",5.2,"",70.0,"",1023.1,"",1028.1,"",.0,"",.5,""
"354170125","L BORK","2022","04",.0,"8",.0,"8",6.2,"",.0,"8",72.3,"",.0,"8",.0,"8",16.0,"",17.5,""
"354170125","L BORK","2022","05",.0,"8",.0,"8",11.8,"",9.5,"",70.1,"",1011.5,"",1016.3,"",28.4,"",19.6,""
"354170125","L BORK","2022","06",.0,"8",2.6,"",17.3,"",14.0,"",72.7,"",1011.1,"",1015.8,"",32.2,"",12.9,""
"354170125","L BORK","2022","07",.0,"8",3.0,"",17.9,"",15.1,"",75.5,"",1012.2,"",1016.9,"",63.9,"",27.8,""
"354170125","L BORK","2022","08",.0,"8",2.2,"",20.5,"",17.5,"",74.4,"",1012.8,"",1017.5,"",40.7,"",17.3,""
"354170125","L BORK","2022","09",.0,"8",2.4,"",12.0,"",11.2,"",81.5,"",1007.9,"",1012.7,"",77.9,"",69.6,""
"354170125","L BORK","2022","10",.0,"8",2.8,"",11.7,"",11.8,"",85.3,"",1012.7,"",1017.5,"",27.7,"",34.8,""
"354170125","L BORK","2022","11",.0,"8",2.5,"",5.5,"",8.3,"",87.8,"",1011.9,"",1016.8,"",7.7,"",13.6,""
"354170125","L BORK","2022","12",.0,"8",2.7,"",.5,"",5.9,"",89.2,"",1008.8,"",1013.8,"",14.7,"",35.9,""
"354180135","HEL","2022","01",.0,"8",5.4,"",2.7,"",6.3,"",83.9,"",1013.3,"",1013.7,"",27.3,"",17.1,""
"354180135","HEL","2022","02",.0,"8",5.5,"",3.2,"",6.5,"",83.8,"",1008.0,"",1008.4,"",13.0,"",25.7,""
"354180135","HEL","2022","03",.0,"8",3.4,"",2.8,"",5.6,"",74.9,"",1028.0,"",1028.4,"",.8,"",3.2,""
"354180135","HEL","2022","04",.0,"8",4.2,"",5.7,"",6.9,"",75.2,"",1013.1,"",1013.5,"",3.8,"",5.9,""
"354180135","HEL","2022","05",.0,"8",3.7,"",11.2,"",10.0,"",76.2,"",1016.2,"",1016.6,"",20.1,"",24.6,""
"354180135","HEL","2022","06",.0,"8",3.2,"",16.9,"",15.6,"",80.9,"",1015.7,"",1016.1,"",15.7,"",27.1,""
"354180135","HEL","2022","07",.0,"8",4.0,"",18.2,"",16.4,"",79.0,"",1016.5,"",1016.9,"",44.9,"",31.2,""
"354180135","HEL","2022","08",.0,"8",3.1,"",20.4,"",19.7,"",82.0,"",1017.3,"",1017.7,"",12.9,"",20.5,""
"354180135","HEL","2022","09",.0,"8",3.7,"",13.2,"",12.2,"",81.6,"",1012.5,"",1012.9,"",31.3,"",34.3,""
"354180135","HEL","2022","10",.0,"8",4.0,"",12.0,"",12.3,"",87.8,"",1017.3,"",1017.7,"",11.7,"",10.5,""
"354180135","HEL","2022","11",.0,"8",3.8,"",6.2,"",8.7,"",87.6,"",1016.9,"",1017.3,"",4.0,"",18.7,""
"354180135","HEL","2022","12",.0,"8",4.2,"",1.6,"",6.4,"",90.7,"",1013.7,"",1014.1,"",19.3,"",22.8,""
"354180155","GDA—SK-åWIBNO","2022","01",.0,"8",5.2,"",2.3,"",6.1,"",83.4,"",1012.9,"",1014.0,"",14.2,"",12.0,""
"354180155","GDA—SK-åWIBNO","2022","02",.0,"8",5.4,"",3.4,"",6.3,"",80.5,"",1007.7,"",1008.9,"",5.2,"",16.7,""
"354180155","GDA—SK-åWIBNO","2022","03",.0,"8",3.4,"",3.0,"",5.3,"",70.4,"",1027.1,"",1028.2,"",.0,"",.0,""
"354180155","GDA—SK-åWIBNO","2022","04",.0,"8",4.6,"",6.2,"",6.9,"",72.6,"",1012.2,"",1013.3,"",1.7,"",5.8,""
"354180155","GDA—SK-åWIBNO","2022","05",.0,"8",3.7,"",11.8,"",9.7,"",70.9,"",1015.4,"",1016.5,"",7.8,"",19.7,""
"354180155","GDA—SK-åWIBNO","2022","06",.0,"8",3.1,"",17.4,"",14.9,"",75.7,"",1015.0,"",1016.1,"",38.5,"",26.2,""
"354180155","GDA—SK-åWIBNO","2022","07",.0,"8",.0,"8",18.4,"",15.6,"",74.4,"",1015.8,"",1016.9,"",42.0,"",21.0,""
"354180155","GDA—SK-åWIBNO","2022","08",.0,"8",3.4,"",21.1,"",18.5,"",74.5,"",1016.5,"",1017.6,"",11.5,"",33.8,""
"354180155","GDA—SK-åWIBNO","2022","09",.0,"8",3.4,"",12.9,"",11.3,"",77.2,"",1011.7,"",1012.8,"",23.1,"",46.3,""
"354180155","GDA—SK-åWIBNO","2022","10",.0,"8",3.5,"",11.2,"",11.3,"",84.5,"",1016.8,"",1017.9,"",4.2,"",9.0,""
"354180155","GDA—SK-åWIBNO","2022","11",.0,"8",3.5,"",4.7,"",7.9,"",88.5,"",1016.3,"",1017.5,"",1.6,"",9.6,""
"354180155","GDA—SK-åWIBNO","2022","12",.0,"8",3.9,"",.2,"",5.8,"",89.7,"",1013.1,"",1014.3,"",12.0,"",14.3,""
"354190160","ELBL•G-MILEJEWO","2022","01",.0,"8",5.4,"",.7,"",5.8,"",88.2,"",990.9,"",1014.1,"",39.8,"",32.6,""
"354190160","ELBL•G-MILEJEWO","2022","02",.0,"8",5.8,"",1.9,"",6.0,"",84.8,"",986.4,"",1009.3,"",26.1,"",46.7,""
"354190160","ELBL•G-MILEJEWO","2022","03",.0,"8",3.3,"",2.8,"",4.6,"",62.9,"",1005.0,"",1028.3,"",.0,"",.0,""
"354190160","ELBL•G-MILEJEWO","2022","04",.0,"8",4.6,"",5.6,"",6.2,"",67.9,"",990.5,"",1013.2,"",6.7,"",11.5,""
"354190160","ELBL•G-MILEJEWO","2022","05",.0,"8",3.5,"",11.0,"",9.0,"",69.1,"",994.3,"",1016.7,"",33.0,"",33.0,""
"354190160","ELBL•G-MILEJEWO","2022","06",.0,"8",2.7,"",16.6,"",14.2,"",75.6,"",994.3,"",1016.3,"",59.3,"",19.9,""
"354190160","ELBL•G-MILEJEWO","2022","07",.0,"8",3.2,"",17.0,"",14.8,"",76.7,"",995.2,"",1017.1,"",68.3,"",30.4,""
"354190160","ELBL•G-MILEJEWO","2022","08",.0,"8",2.7,"",20.4,"",17.2,"",72.7,"",996.0,"",1017.7,"",35.7,"",38.8,""
"354190160","ELBL•G-MILEJEWO","2022","09",.0,"8",3.1,"",11.5,"",10.7,"",80.3,"",990.8,"",1013.1,"",50.2,"",59.4,""
"354190160","ELBL•G-MILEJEWO","2022","10",.0,"8",4.0,"",10.7,"",11.3,"",86.7,"",995.9,"",1018.3,"",8.1,"",16.2,""
"354190160","ELBL•G-MILEJEWO","2022","11",.0,"8",3.5,"",3.4,"",7.6,"",92.5,"",994.9,"",1017.9,"",4.3,"",14.2,""
"354190160","ELBL•G-MILEJEWO","2022","12",.0,"8",4.7,"",-1.1,"",5.6,"",94.0,"",991.4,"",1014.7,"",28.5,"",36.5,""
"354210185","K TRZYN","2022","01",.0,"8",4.5,"",.4,"",5.7,"",88.3,"",999.4,"",1013.3,"",22.6,"",17.8,""
"354210185","K TRZYN","2022","02",.0,"8",5.3,"",2.2,"",6.1,"",84.4,"",995.9,"",1009.6,"",21.9,"",21.3,""
"354210185","K TRZYN","2022","03",.0,"8",2.6,"",2.6,"",4.5,"",63.0,"",1014.0,"",1028.0,"",.2,"",.8,""
"354210185","K TRZYN","2022","04",.0,"8",3.5,"",6.3,"",6.3,"",66.2,"",999.1,"",1012.7,"",13.1,"",7.1,""
"354210185","K TRZYN","2022","05",.0,"8",3.2,"",11.7,"",9.3,"",68.7,"",1003.0,"",1016.4,"",34.7,"",13.0,""
"354210185","K TRZYN","2022","06",.0,"8",.0,"8",17.7,"",.0,"8",76.5,"",.0,"8",.0,"8",43.9,"",43.0,""
"354210185","K TRZYN","2022","07",.0,"8",2.8,"",18.0,"",15.1,"",74.6,"",1003.4,"",1016.5,"",45.4,"",14.0,""
"354210185","K TRZYN","2022","08",.0,"8",2.4,"",21.3,"",16.7,"",68.1,"",1004.4,"",1017.4,"",4.2,"",4.5,""
"354210185","K TRZYN","2022","09",.0,"8",2.6,"",11.3,"",10.1,"",77.2,"",999.6,"",1012.9,"",19.6,"",4.9,""
"354210185","K TRZYN","2022","10",.0,"8",3.4,"",10.9,"",11.0,"",83.6,"",1005.0,"",1018.5,"",9.1,"",8.9,""
"354210185","K TRZYN","2022","11",.0,"8",3.1,"",3.7,"",7.5,"",89.2,"",1004.7,"",1018.5,"",4.0,"",4.6,""
"354210185","K TRZYN","2022","12",.0,"8",3.9,"",-1.0,"",5.4,"",90.6,"",1001.2,"",1015.2,"",18.9,"",20.6,""
"354220195","SUWA£KI","2022","01",.0,"8",4.4,"",-.6,"",5.2,"",86.8,"",989.1,"",1012.5,"",30.4,"",26.1,""
"354220195","SUWA£KI","2022","02",.0,"8",4.3,"",1.1,"",5.6,"",84.2,"",986.7,"",1009.9,"",25.7,"",35.4,""
"354220195","SUWA£KI","2022","03",.0,"8",2.8,"",1.3,"",4.2,"",64.6,"",1004.4,"",1028.0,"",.3,"",2.3,""
"354220195","SUWA£KI","2022","04",.0,"8",3.6,"",5.5,"",6.1,"",67.0,"",989.8,"",1012.6,"",24.3,"",11.6,""
"354220195","SUWA£KI","2022","05",.0,"8",3.2,"",10.9,"",8.8,"",68.4,"",993.7,"",1016.2,"",70.3,"",16.4,""
"354220195","SUWA£KI","2022","06",.0,"8",.0,"8",17.4,"",14.8,"",75.4,"",994.0,"",1016.0,"",78.4,"",32.4,""
"354220195","SUWA£KI","2022","07",.0,"8",2.8,"",17.5,"",15.1,"",77.0,"",994.2,"",1016.2,"",80.4,"",34.2,""
"354220195","SUWA£KI","2022","08",.0,"8",2.2,"",19.9,"",16.7,"",73.2,"",996.0,"",1017.8,"",33.7,"",18.0,""
"354220195","SUWA£KI","2022","09",.0,"8",2.5,"",10.2,"",10.0,"",81.2,"",990.6,"",1013.1,"",23.5,"",5.6,""
"354220195","SUWA£KI","2022","10",.0,"8",.0,"8",9.7,"",.0,"8",86.8,"",.0,"8",.0,"8",7.6,"",7.1,""
"354220195","SUWA£KI","2022","11",.0,"8",2.4,"",2.4,"",7.2,"",93.2,"",995.9,"",1019.2,"",10.5,"",10.7,""
"354220195","SUWA£KI","2022","12",.0,"8",3.0,"",-2.3,"",5.1,"",93.7,"",992.3,"",1015.9,"",24.0,"",23.7,""
